wwtp_jurisdiction,wwtp_id,reporting_jurisdiction,sample_location,sample_location_specify,key_plot_id,county_names,county_fips,population_served,date_start,date_end,ptc_15d,detect_prop_15d,percentile,sampling_prior,first_sample_date
Pennsylvania,1533,Pennsylvania,Treatment plant,,NWSS_pa_1533_Treatment plant_raw wastewater,Centre,42027,90000,2022-09-17,2022-10-01,,100,67.0,no,2022-10-01
Pennsylvania,1533,Pennsylvania,Treatment plant,,NWSS_pa_1533_Treatment plant_raw wastewater,Centre,42027,90000,2022-09-18,2022-10-02,,100,67.0,no,2022-10-01
Pennsylvania,1533,Pennsylvania,Treatment plant,,NWSS_pa_1533_Treatment plant_raw wastewater,Centre,42027,90000,2022-09-19,2022-10-03,85,100,68.5,no,2022-10-01
Pennsylvania,1533,Pennsylvania,Treatment plant,,NWSS_pa_1533_Treatment plant_raw wastewater,Centre,42027,90000,2022-09-20,2022-10-04,85,100,68.5,no,2022-10-01
Pennsylvania,1533,Pennsylvania,Treatment plant,,NWSS_pa_1533_Treatment plant_raw wastewater,Centre,42027,90000,2022-09-21,2022-10-05,-2,100,67.667,no,2022-10-01
Pennsylvania,1533,Pennsylvania,Treatment plant,,NWSS_pa_1533_Treatment plant_raw wastewater,Centre,42027,90000,2022-09-22,2022-10-06,-2,100,67.667,no,2022-10-01
Pennsylvania,1533,Pennsylvania,Treatment plant,,NWSS_pa_1533_Treatment plant_raw wastewater,Centre,42027,90000,2022-09-23,2022-10-07,-2,100,67.667,no,2022-10-01
Pennsylvania,1533,Pennsylvania,Treatment plant,,NWSS_pa_1533_Treatment plant_raw wastewater,Centre,42027,90000,2022-09-24,2022-10-08,-99,100,51.5,no,2022-10-01
Pennsylvania,1533,Pennsylvania,Treatment plant,,NWSS_pa_1533_Treatment plant_raw wastewater,Centre,42027,90000,2022-09-25,2022-10-09,-99,100,51.5,no,2022-10-01
Pennsylvania,1533,Pennsylvania,Treatment plant,,NWSS_pa_1533_Treatment plant_raw wastewater,Centre,42027,90000,2022-09-26,2022-10-10,-91,100,51.6,no,2022-10-01
Pennsylvania,1533,Pennsylvania,Treatment plant,,NWSS_pa_1533_Treatment plant_raw wastewater,Centre,42027,90000,2022-09-27,2022-10-11,-91,100,51.6,no,2022-10-01
Pennsylvania,1533,Pennsylvania,Treatment plant,,NWSS_pa_1533_Treatment plant_raw wastewater,Centre,42027,90000,2022-09-28,2022-10-12,-83,100,48.167,no,2022-10-01
Pennsylvania,1533,Pennsylvania,Treatment plant,,NWSS_pa_1533_Treatment plant_raw wastewater,Centre,42027,90000,2022-09-29,2022-10-13,-83,100,48.167,no,2022-10-01
Pennsylvania,1533,Pennsylvania,Treatment plant,,NWSS_pa_1533_Treatment plant_raw wastewater,Centre,42027,90000,2022-09-30,2022-10-14,-83,100,48.167,no,2022-10-01
Pennsylvania,1533,Pennsylvania,Treatment plant,,NWSS_pa_1533_Treatment plant_raw wastewater,Centre,42027,90000,2022-10-01,2022-10-15,-70,100,46.429,no,2022-10-01
Pennsylvania,1533,Pennsylvania,Treatment plant,,NWSS_pa_1533_Treatment plant_raw wastewater,Centre,42027,90000,2022-10-02,2022-10-16,-66,100,46.429,no,2022-10-01
Pennsylvania,1533,Pennsylvania,Treatment plant,,NWSS_pa_1533_Treatment plant_raw wastewater,Centre,42027,90000,2022-10-03,2022-10-17,-25,100,45.714,no,2022-10-01
Pennsylvania,1533,Pennsylvania,Treatment plant,,NWSS_pa_1533_Treatment plant_raw wastewater,Centre,42027,90000,2022-10-04,2022-10-18,63,100,45.714,no,2022-10-01
Pennsylvania,1533,Pennsylvania,Treatment plant,,NWSS_pa_1533_Treatment plant_raw wastewater,Centre,42027,90000,2022-10-05,2022-10-19,180,100,46.571,no,2022-10-01
Pennsylvania,1533,Pennsylvania,Treatment plant,,NWSS_pa_1533_Treatment plant_raw wastewater,Centre,42027,90000,2022-10-06,2022-10-20,1342,100,46.571,no,2022-10-01
Pennsylvania,1533,Pennsylvania,Treatment plant,,NWSS_pa_1533_Treatment plant_raw wastewater,Centre,42027,90000,2022-10-07,2022-10-21,1342,100,46.571,no,2022-10-01
Pennsylvania,1533,Pennsylvania,Treatment plant,,NWSS_pa_1533_Treatment plant_raw wastewater,Centre,42027,90000,2022-10-08,2022-10-22,486,100,44.286,no,2022-10-01
Pennsylvania,1533,Pennsylvania,Treatment plant,,NWSS_pa_1533_Treatment plant_raw wastewater,Centre,42027,90000,2022-10-09,2022-10-23,91,100,44.286,no,2022-10-01
Pennsylvania,1533,Pennsylvania,Treatment plant,,NWSS_pa_1533_Treatment plant_raw wastewater,Centre,42027,90000,2022-10-10,2022-10-24,198,100,56.571,no,2022-10-01
Pennsylvania,1533,Pennsylvania,Treatment plant,,NWSS_pa_1533_Treatment plant_raw wastewater,Centre,42027,90000,2022-10-11,2022-10-25,394,100,56.571,no,2022-10-01
Pennsylvania,1533,Pennsylvania,Treatment plant,,NWSS_pa_1533_Treatment plant_raw wastewater,Centre,42027,90000,2022-10-12,2022-10-26,537,100,63.143,no,2022-10-01
Pennsylvania,1533,Pennsylvania,Treatment plant,,NWSS_pa_1533_Treatment plant_raw wastewater,Centre,42027,90000,2022-10-13,2022-10-27,566,100,63.143,no,2022-10-01
Pennsylvania,1533,Pennsylvania,Treatment plant,,NWSS_pa_1533_Treatment plant_raw wastewater,Centre,42027,90000,2022-10-14,2022-10-28,566,100,63.143,no,2022-10-01
Pennsylvania,1533,Pennsylvania,Treatment plant,,NWSS_pa_1533_Treatment plant_raw wastewater,Centre,42027,90000,2022-10-15,2022-10-29,183,100,68.143,no,2022-10-01
Pennsylvania,1533,Pennsylvania,Treatment plant,,NWSS_pa_1533_Treatment plant_raw wastewater,Centre,42027,90000,2022-10-16,2022-10-30,76,100,68.143,no,2022-10-01
Pennsylvania,1533,Pennsylvania,Treatment plant,,NWSS_pa_1533_Treatment plant_raw wastewater,Centre,42027,90000,2022-10-17,2022-10-31,48,100,73.714,no,2022-10-01
Pennsylvania,1533,Pennsylvania,Treatment plant,,NWSS_pa_1533_Treatment plant_raw wastewater,Centre,42027,90000,2022-10-18,2022-11-01,18,100,73.714,no,2022-10-01
Pennsylvania,1533,Pennsylvania,Treatment plant,,NWSS_pa_1533_Treatment plant_raw wastewater,Centre,42027,90000,2022-10-19,2022-11-02,28,100,76.714,no,2022-10-01
Pennsylvania,1533,Pennsylvania,Treatment plant,,NWSS_pa_1533_Treatment plant_raw wastewater,Centre,42027,90000,2022-10-20,2022-11-03,50,100,76.714,no,2022-10-01
Pennsylvania,1533,Pennsylvania,Treatment plant,,NWSS_pa_1533_Treatment plant_raw wastewater,Centre,42027,90000,2022-10-21,2022-11-04,50,100,76.714,no,2022-10-01
Pennsylvania,1533,Pennsylvania,Treatment plant,,NWSS_pa_1533_Treatment plant_raw wastewater,Centre,42027,90000,2022-10-22,2022-11-05,-38,100,71.714,no,2022-10-01
Pennsylvania,1533,Pennsylvania,Treatment plant,,NWSS_pa_1533_Treatment plant_raw wastewater,Centre,42027,90000,2022-10-23,2022-11-06,-77,100,71.714,no,2022-10-01
Pennsylvania,1533,Pennsylvania,Treatment plant,,NWSS_pa_1533_Treatment plant_raw wastewater,Centre,42027,90000,2022-10-24,2022-11-07,-71,100,73.286,no,2022-10-01
Pennsylvania,1533,Pennsylvania,Treatment plant,,NWSS_pa_1533_Treatment plant_raw wastewater,Centre,42027,90000,2022-10-25,2022-11-08,-76,100,73.286,no,2022-10-01
Pennsylvania,1533,Pennsylvania,Treatment plant,,NWSS_pa_1533_Treatment plant_raw wastewater,Centre,42027,90000,2022-10-26,2022-11-09,-59,100,71.143,no,2022-10-01
Pennsylvania,1533,Pennsylvania,Treatment plant,,NWSS_pa_1533_Treatment plant_raw wastewater,Centre,42027,90000,2022-10-27,2022-11-10,-28,100,71.143,no,2022-10-01
Pennsylvania,1533,Pennsylvania,Treatment plant,,NWSS_pa_1533_Treatment plant_raw wastewater,Centre,42027,90000,2022-10-28,2022-11-11,-28,100,71.143,no,2022-10-01
Pennsylvania,1533,Pennsylvania,Treatment plant,,NWSS_pa_1533_Treatment plant_raw wastewater,Centre,42027,90000,2022-10-29,2022-11-12,-26,100,66.0,no,2022-10-01
Pennsylvania,1533,Pennsylvania,Treatment plant,,NWSS_pa_1533_Treatment plant_raw wastewater,Centre,42027,90000,2022-10-30,2022-11-13,-38,100,66.0,no,2022-10-01
Pennsylvania,1533,Pennsylvania,Treatment plant,,NWSS_pa_1533_Treatment plant_raw wastewater,Centre,42027,90000,2022-10-31,2022-11-14,-13,100,67.143,no,2022-10-01
Pennsylvania,1533,Pennsylvania,Treatment plant,,NWSS_pa_1533_Treatment plant_raw wastewater,Centre,42027,90000,2022-11-01,2022-11-15,8,100,67.143,no,2022-10-01
Pennsylvania,1533,Pennsylvania,Treatment plant,,NWSS_pa_1533_Treatment plant_raw wastewater,Centre,42027,90000,2022-11-02,2022-11-16,8,100,67.143,no,2022-10-01
Pennsylvania,1533,Pennsylvania,Treatment plant,,NWSS_pa_1533_Treatment plant_raw wastewater,Centre,42027,90000,2022-11-03,2022-11-17,218,100,67.143,no,2022-10-01
Pennsylvania,1533,Pennsylvania,Treatment plant,,NWSS_pa_1533_Treatment plant_raw wastewater,Centre,42027,90000,2022-11-04,2022-11-18,218,100,67.143,no,2022-10-01
Pennsylvania,1533,Pennsylvania,Treatment plant,,NWSS_pa_1533_Treatment plant_raw wastewater,Centre,42027,90000,2022-11-05,2022-11-19,-23,100,57.333,no,2022-10-01
Pennsylvania,1533,Pennsylvania,Treatment plant,,NWSS_pa_1533_Treatment plant_raw wastewater,Centre,42027,90000,2022-11-06,2022-11-20,-61,100,57.333,no,2022-10-01
Pennsylvania,1533,Pennsylvania,Treatment plant,,NWSS_pa_1533_Treatment plant_raw wastewater,Centre,42027,90000,2022-11-07,2022-11-21,-54,100,59.0,no,2022-10-01
Pennsylvania,1533,Pennsylvania,Treatment plant,,NWSS_pa_1533_Treatment plant_raw wastewater,Centre,42027,90000,2022-11-08,2022-11-22,-68,100,59.0,no,2022-10-01
Pennsylvania,1533,Pennsylvania,Treatment plant,,NWSS_pa_1533_Treatment plant_raw wastewater,Centre,42027,90000,2022-11-09,2022-11-23,-43,100,60.167,no,2022-10-01
Pennsylvania,1533,Pennsylvania,Treatment plant,,NWSS_pa_1533_Treatment plant_raw wastewater,Centre,42027,90000,2022-11-10,2022-11-24,-34,100,60.167,no,2022-10-01
Pennsylvania,1533,Pennsylvania,Treatment plant,,NWSS_pa_1533_Treatment plant_raw wastewater,Centre,42027,90000,2022-11-11,2022-11-25,-34,100,60.167,no,2022-10-01
Pennsylvania,1533,Pennsylvania,Treatment plant,,NWSS_pa_1533_Treatment plant_raw wastewater,Centre,42027,90000,2022-11-12,2022-11-26,35,100,62.0,no,2022-10-01
Pennsylvania,1533,Pennsylvania,Treatment plant,,NWSS_pa_1533_Treatment plant_raw wastewater,Centre,42027,90000,2022-11-13,2022-11-27,62,100,62.0,no,2022-10-01
Pennsylvania,1533,Pennsylvania,Treatment plant,,NWSS_pa_1533_Treatment plant_raw wastewater,Centre,42027,90000,2022-11-14,2022-11-28,123,100,66.167,no,2022-10-01
Pennsylvania,1533,Pennsylvania,Treatment plant,,NWSS_pa_1533_Treatment plant_raw wastewater,Centre,42027,90000,2022-11-15,2022-11-29,1178,100,66.167,no,2022-10-01
Pennsylvania,1533,Pennsylvania,Treatment plant,,NWSS_pa_1533_Treatment plant_raw wastewater,Centre,42027,90000,2022-11-16,2022-11-30,959,100,69.667,no,2022-10-01
Pennsylvania,1533,Pennsylvania,Treatment plant,,NWSS_pa_1533_Treatment plant_raw wastewater,Centre,42027,90000,2022-11-17,2022-12-01,959,100,69.667,no,2022-10-01
Pennsylvania,1533,Pennsylvania,Treatment plant,,NWSS_pa_1533_Treatment plant_raw wastewater,Centre,42027,90000,2022-11-18,2022-12-02,959,100,69.667,no,2022-10-01
Pennsylvania,1533,Pennsylvania,Treatment plant,,NWSS_pa_1533_Treatment plant_raw wastewater,Centre,42027,90000,2022-11-19,2022-12-03,425,100,71.429,no,2022-10-01
Pennsylvania,1533,Pennsylvania,Treatment plant,,NWSS_pa_1533_Treatment plant_raw wastewater,Centre,42027,90000,2022-11-20,2022-12-04,258,100,71.429,no,2022-10-01
Pennsylvania,1533,Pennsylvania,Treatment plant,,NWSS_pa_1533_Treatment plant_raw wastewater,Centre,42027,90000,2022-11-21,2022-12-05,154,100,78.857,no,2022-10-01
Pennsylvania,1533,Pennsylvania,Treatment plant,,NWSS_pa_1533_Treatment plant_raw wastewater,Centre,42027,90000,2022-11-22,2022-12-06,57,100,78.857,no,2022-10-01
Pennsylvania,1533,Pennsylvania,Treatment plant,,NWSS_pa_1533_Treatment plant_raw wastewater,Centre,42027,90000,2022-11-23,2022-12-07,52,100,85.0,no,2022-10-01
Pennsylvania,1533,Pennsylvania,Treatment plant,,NWSS_pa_1533_Treatment plant_raw wastewater,Centre,42027,90000,2022-11-24,2022-12-08,2,100,85.0,no,2022-10-01
Pennsylvania,1533,Pennsylvania,Treatment plant,,NWSS_pa_1533_Treatment plant_raw wastewater,Centre,42027,90000,2022-11-25,2022-12-09,2,100,85.0,no,2022-10-01
Pennsylvania,1533,Pennsylvania,Treatment plant,,NWSS_pa_1533_Treatment plant_raw wastewater,Centre,42027,90000,2022-11-26,2022-12-10,-16,100,86.429,no,2022-10-01
Pennsylvania,1533,Pennsylvania,Treatment plant,,NWSS_pa_1533_Treatment plant_raw wastewater,Centre,42027,90000,2022-11-27,2022-12-11,-28,100,86.429,no,2022-10-01
Pennsylvania,1533,Pennsylvania,Treatment plant,,NWSS_pa_1533_Treatment plant_raw wastewater,Centre,42027,90000,2022-11-28,2022-12-12,-31,100,85.286,no,2022-10-01
Pennsylvania,1533,Pennsylvania,Treatment plant,,NWSS_pa_1533_Treatment plant_raw wastewater,Centre,42027,90000,2022-11-29,2022-12-13,-42,100,85.286,no,2022-10-01
Pennsylvania,1533,Pennsylvania,Treatment plant,,NWSS_pa_1533_Treatment plant_raw wastewater,Centre,42027,90000,2022-11-30,2022-12-14,-23,100,86.143,no,2022-10-01
Pennsylvania,1533,Pennsylvania,Treatment plant,,NWSS_pa_1533_Treatment plant_raw wastewater,Centre,42027,90000,2022-12-01,2022-12-15,1,100,86.143,no,2022-10-01
Pennsylvania,1533,Pennsylvania,Treatment plant,,NWSS_pa_1533_Treatment plant_raw wastewater,Centre,42027,90000,2022-12-02,2022-12-16,1,100,86.143,no,2022-10-01
Pennsylvania,1533,Pennsylvania,Treatment plant,,NWSS_pa_1533_Treatment plant_raw wastewater,Centre,42027,90000,2022-12-03,2022-12-17,5,100,85.143,no,2022-10-01
Pennsylvania,1533,Pennsylvania,Treatment plant,,NWSS_pa_1533_Treatment plant_raw wastewater,Centre,42027,90000,2022-12-04,2022-12-18,2,100,85.143,no,2022-10-01
Pennsylvania,1533,Pennsylvania,Treatment plant,,NWSS_pa_1533_Treatment plant_raw wastewater,Centre,42027,90000,2022-12-05,2022-12-19,-12,100,84.429,no,2022-10-01
Pennsylvania,1533,Pennsylvania,Treatment plant,,NWSS_pa_1533_Treatment plant_raw wastewater,Centre,42027,90000,2022-12-06,2022-12-20,-16,100,84.429,no,2022-10-01
Pennsylvania,1533,Pennsylvania,Treatment plant,,NWSS_pa_1533_Treatment plant_raw wastewater,Centre,42027,90000,2022-12-07,2022-12-21,0,100,85.429,no,2022-10-01
Pennsylvania,1533,Pennsylvania,Treatment plant,,NWSS_pa_1533_Treatment plant_raw wastewater,Centre,42027,90000,2022-12-08,2022-12-22,29,100,85.429,no,2022-10-01
Pennsylvania,1533,Pennsylvania,Treatment plant,,NWSS_pa_1533_Treatment plant_raw wastewater,Centre,42027,90000,2022-12-09,2022-12-23,29,100,85.429,no,2022-10-01
Pennsylvania,1533,Pennsylvania,Treatment plant,,NWSS_pa_1533_Treatment plant_raw wastewater,Centre,42027,90000,2022-12-10,2022-12-24,-27,100,80.714,no,2022-10-01
Pennsylvania,1533,Pennsylvania,Treatment plant,,NWSS_pa_1533_Treatment plant_raw wastewater,Centre,42027,90000,2022-12-11,2022-12-25,-42,100,80.714,no,2022-10-01
Pennsylvania,1533,Pennsylvania,Treatment plant,,NWSS_pa_1533_Treatment plant_raw wastewater,Centre,42027,90000,2022-12-12,2022-12-26,-22,100,81.857,no,2022-10-01
Pennsylvania,1533,Pennsylvania,Treatment plant,,NWSS_pa_1533_Treatment plant_raw wastewater,Centre,42027,90000,2022-12-13,2022-12-27,-39,100,81.857,no,2022-10-01
Pennsylvania,1533,Pennsylvania,Treatment plant,,NWSS_pa_1533_Treatment plant_raw wastewater,Centre,42027,90000,2022-12-14,2022-12-28,-61,100,77.857,no,2022-10-01
Pennsylvania,1533,Pennsylvania,Treatment plant,,NWSS_pa_1533_Treatment plant_raw wastewater,Centre,42027,90000,2022-12-15,2022-12-29,-65,100,77.857,no,2022-10-01
Pennsylvania,1533,Pennsylvania,Treatment plant,,NWSS_pa_1533_Treatment plant_raw wastewater,Centre,42027,90000,2022-12-16,2022-12-30,-65,100,77.857,no,2022-10-01
Pennsylvania,1533,Pennsylvania,Treatment plant,,NWSS_pa_1533_Treatment plant_raw wastewater,Centre,42027,90000,2022-12-17,2022-12-31,-41,100,75.857,no,2022-10-01
Pennsylvania,1533,Pennsylvania,Treatment plant,,NWSS_pa_1533_Treatment plant_raw wastewater,Centre,42027,90000,2022-12-18,2023-01-01,-35,100,75.857,no,2022-10-01
Pennsylvania,1533,Pennsylvania,Treatment plant,,NWSS_pa_1533_Treatment plant_raw wastewater,Centre,42027,90000,2022-12-19,2023-01-02,5,100,76.286,no,2022-10-01
Pennsylvania,1533,Pennsylvania,Treatment plant,,NWSS_pa_1533_Treatment plant_raw wastewater,Centre,42027,90000,2022-12-20,2023-01-03,12,100,76.286,no,2022-10-01
Pennsylvania,1533,Pennsylvania,Treatment plant,,NWSS_pa_1533_Treatment plant_raw wastewater,Centre,42027,90000,2022-12-21,2023-01-04,87,100,79.286,no,2022-10-01
Pennsylvania,1533,Pennsylvania,Treatment plant,,NWSS_pa_1533_Treatment plant_raw wastewater,Centre,42027,90000,2022-12-22,2023-01-05,330,100,79.286,no,2022-10-01
Pennsylvania,1533,Pennsylvania,Treatment plant,,NWSS_pa_1533_Treatment plant_raw wastewater,Centre,42027,90000,2022-12-23,2023-01-06,330,100,79.286,no,2022-10-01
Pennsylvania,1533,Pennsylvania,Treatment plant,,NWSS_pa_1533_Treatment plant_raw wastewater,Centre,42027,90000,2022-12-24,2023-01-07,145,100,77.714,no,2022-10-01
Pennsylvania,1533,Pennsylvania,Treatment plant,,NWSS_pa_1533_Treatment plant_raw wastewater,Centre,42027,90000,2022-12-25,2023-01-08,115,100,77.714,no,2022-10-01
Pennsylvania,1533,Pennsylvania,Treatment plant,,NWSS_pa_1533_Treatment plant_raw wastewater,Centre,42027,90000,2022-12-26,2023-01-09,61,100,80.571,no,2022-10-01
Pennsylvania,1533,Pennsylvania,Treatment plant,,NWSS_pa_1533_Treatment plant_raw wastewater,Centre,42027,90000,2022-12-27,2023-01-10,144,100,80.571,no,2022-10-01
Pennsylvania,1533,Pennsylvania,Treatment plant,,NWSS_pa_1533_Treatment plant_raw wastewater,Centre,42027,90000,2022-12-28,2023-01-11,143,100,81.857,no,2022-10-01
Pennsylvania,1533,Pennsylvania,Treatment plant,,NWSS_pa_1533_Treatment plant_raw wastewater,Centre,42027,90000,2022-12-29,2023-01-12,13,100,81.857,no,2022-10-01
Pennsylvania,1533,Pennsylvania,Treatment plant,,NWSS_pa_1533_Treatment plant_raw wastewater,Centre,42027,90000,2022-12-30,2023-01-13,13,100,81.857,no,2022-10-01
Pennsylvania,1533,Pennsylvania,Treatment plant,,NWSS_pa_1533_Treatment plant_raw wastewater,Centre,42027,90000,2022-12-31,2023-01-14,-30,100,84.429,no,2022-10-01
Pennsylvania,1533,Pennsylvania,Treatment plant,,NWSS_pa_1533_Treatment plant_raw wastewater,Centre,42027,90000,2023-01-01,2023-01-15,-53,100,84.429,no,2022-10-01
Pennsylvania,1533,Pennsylvania,Treatment plant,,NWSS_pa_1533_Treatment plant_raw wastewater,Centre,42027,90000,2023-01-02,2023-01-16,-34,100,86.286,no,2022-10-01
Pennsylvania,1533,Pennsylvania,Treatment plant,,NWSS_pa_1533_Treatment plant_raw wastewater,Centre,42027,90000,2023-01-03,2023-01-17,-42,100,86.286,no,2022-10-01
Pennsylvania,1533,Pennsylvania,Treatment plant,,NWSS_pa_1533_Treatment plant_raw wastewater,Centre,42027,90000,2023-01-04,2023-01-18,0,100,87.429,no,2022-10-01
Pennsylvania,1533,Pennsylvania,Treatment plant,,NWSS_pa_1533_Treatment plant_raw wastewater,Centre,42027,90000,2023-01-05,2023-01-19,87,100,87.429,no,2022-10-01
Pennsylvania,1533,Pennsylvania,Treatment plant,,NWSS_pa_1533_Treatment plant_raw wastewater,Centre,42027,90000,2023-01-06,2023-01-20,87,100,87.429,no,2022-10-01
Pennsylvania,1533,Pennsylvania,Treatment plant,,NWSS_pa_1533_Treatment plant_raw wastewater,Centre,42027,90000,2023-01-07,2023-01-21,23,100,84.714,no,2022-10-01
Pennsylvania,1533,Pennsylvania,Treatment plant,,NWSS_pa_1533_Treatment plant_raw wastewater,Centre,42027,90000,2023-01-08,2023-01-22,13,100,84.714,no,2022-10-01
Pennsylvania,1533,Pennsylvania,Treatment plant,,NWSS_pa_1533_Treatment plant_raw wastewater,Centre,42027,90000,2023-01-09,2023-01-23,30,100,86.714,no,2022-10-01
Pennsylvania,1533,Pennsylvania,Treatment plant,,NWSS_pa_1533_Treatment plant_raw wastewater,Centre,42027,90000,2023-01-10,2023-01-24,17,100,86.714,no,2022-10-01
Pennsylvania,1533,Pennsylvania,Treatment plant,,NWSS_pa_1533_Treatment plant_raw wastewater,Centre,42027,90000,2023-01-11,2023-01-25,46,100,89.143,no,2022-10-01
Pennsylvania,1533,Pennsylvania,Treatment plant,,NWSS_pa_1533_Treatment plant_raw wastewater,Centre,42027,90000,2023-01-12,2023-01-26,138,100,89.143,no,2022-10-01
Pennsylvania,1533,Pennsylvania,Treatment plant,,NWSS_pa_1533_Treatment plant_raw wastewater,Centre,42027,90000,2023-01-13,2023-01-27,138,100,89.143,no,2022-10-01
Pennsylvania,1533,Pennsylvania,Treatment plant,,NWSS_pa_1533_Treatment plant_raw wastewater,Centre,42027,90000,2023-01-14,2023-01-28,126,100,89.714,no,2022-10-01
Pennsylvania,1533,Pennsylvania,Treatment plant,,NWSS_pa_1533_Treatment plant_raw wastewater,Centre,42027,90000,2023-01-15,2023-01-29,50,100,89.714,no,2022-10-01
Pennsylvania,1533,Pennsylvania,Treatment plant,,NWSS_pa_1533_Treatment plant_raw wastewater,Centre,42027,90000,2023-01-16,2023-01-30,13,100,93.143,no,2022-10-01
Pennsylvania,1533,Pennsylvania,Treatment plant,,NWSS_pa_1533_Treatment plant_raw wastewater,Centre,42027,90000,2023-01-17,2023-01-31,0,100,93.143,no,2022-10-01
Pennsylvania,1533,Pennsylvania,Treatment plant,,NWSS_pa_1533_Treatment plant_raw wastewater,Centre,42027,90000,2023-01-18,2023-02-01,2,100,93.714,no,2022-10-01
Pennsylvania,1533,Pennsylvania,Treatment plant,,NWSS_pa_1533_Treatment plant_raw wastewater,Centre,42027,90000,2023-01-19,2023-02-02,48,100,93.714,no,2022-10-01
Pennsylvania,1533,Pennsylvania,Treatment plant,,NWSS_pa_1533_Treatment plant_raw wastewater,Centre,42027,90000,2023-01-20,2023-02-03,48,100,93.714,no,2022-10-01
Pennsylvania,1533,Pennsylvania,Treatment plant,,NWSS_pa_1533_Treatment plant_raw wastewater,Centre,42027,90000,2023-01-21,2023-02-04,-14,100,90.571,no,2022-10-01
Pennsylvania,1533,Pennsylvania,Treatment plant,,NWSS_pa_1533_Treatment plant_raw wastewater,Centre,42027,90000,2023-01-22,2023-02-05,-50,100,90.571,no,2022-10-01
Pennsylvania,1533,Pennsylvania,Treatment plant,,NWSS_pa_1533_Treatment plant_raw wastewater,Centre,42027,90000,2023-01-23,2023-02-06,-47,100,91.429,no,2022-10-01
Pennsylvania,1533,Pennsylvania,Treatment plant,,NWSS_pa_1533_Treatment plant_raw wastewater,Centre,42027,90000,2023-01-24,2023-02-07,-60,100,91.429,no,2022-10-01
Pennsylvania,1533,Pennsylvania,Treatment plant,,NWSS_pa_1533_Treatment plant_raw wastewater,Centre,42027,90000,2023-01-25,2023-02-08,-38,100,91.714,no,2022-10-01
Pennsylvania,1533,Pennsylvania,Treatment plant,,NWSS_pa_1533_Treatment plant_raw wastewater,Centre,42027,90000,2023-01-26,2023-02-09,-33,100,91.714,no,2022-10-01
Pennsylvania,1533,Pennsylvania,Treatment plant,,NWSS_pa_1533_Treatment plant_raw wastewater,Centre,42027,90000,2023-01-27,2023-02-10,-33,100,91.714,no,2022-10-01
Pennsylvania,1533,Pennsylvania,Treatment plant,,NWSS_pa_1533_Treatment plant_raw wastewater,Centre,42027,90000,2023-01-28,2023-02-11,-24,100,91.0,no,2022-10-01
Pennsylvania,1533,Pennsylvania,Treatment plant,,NWSS_pa_1533_Treatment plant_raw wastewater,Centre,42027,90000,2023-01-29,2023-02-12,2,100,91.0,no,2022-10-01
Pennsylvania,1533,Pennsylvania,Treatment plant,,NWSS_pa_1533_Treatment plant_raw wastewater,Centre,42027,90000,2023-01-30,2023-02-13,-17,100,88.143,no,2022-10-01
Pennsylvania,1533,Pennsylvania,Treatment plant,,NWSS_pa_1533_Treatment plant_raw wastewater,Centre,42027,90000,2023-01-31,2023-02-14,-21,100,88.143,no,2022-10-01
Pennsylvania,1533,Pennsylvania,Treatment plant,,NWSS_pa_1533_Treatment plant_raw wastewater,Centre,42027,90000,2023-02-01,2023-02-15,-14,100,87.857,no,2022-10-01
Pennsylvania,1533,Pennsylvania,Treatment plant,,NWSS_pa_1533_Treatment plant_raw wastewater,Centre,42027,90000,2023-02-02,2023-02-16,15,100,87.857,no,2022-10-01
Pennsylvania,1533,Pennsylvania,Treatment plant,,NWSS_pa_1533_Treatment plant_raw wastewater,Centre,42027,90000,2023-02-03,2023-02-17,15,100,87.857,no,2022-10-01
Pennsylvania,1533,Pennsylvania,Treatment plant,,NWSS_pa_1533_Treatment plant_raw wastewater,Centre,42027,90000,2023-02-04,2023-02-18,-2,100,85.857,no,2022-10-01
Pennsylvania,1533,Pennsylvania,Treatment plant,,NWSS_pa_1533_Treatment plant_raw wastewater,Centre,42027,90000,2023-02-05,2023-02-19,-27,100,85.857,no,2022-10-01
Pennsylvania,1533,Pennsylvania,Treatment plant,,NWSS_pa_1533_Treatment plant_raw wastewater,Centre,42027,90000,2023-02-06,2023-02-20,-49,100,83.857,no,2022-10-01
Pennsylvania,1533,Pennsylvania,Treatment plant,,NWSS_pa_1533_Treatment plant_raw wastewater,Centre,42027,90000,2023-02-07,2023-02-21,-65,100,83.857,no,2022-10-01
Pennsylvania,1533,Pennsylvania,Treatment plant,,NWSS_pa_1533_Treatment plant_raw wastewater,Centre,42027,90000,2023-02-08,2023-02-22,-66,100,80.857,no,2022-10-01
Pennsylvania,1533,Pennsylvania,Treatment plant,,NWSS_pa_1533_Treatment plant_raw wastewater,Centre,42027,90000,2023-02-09,2023-02-23,-65,100,80.857,no,2022-10-01
Pennsylvania,1533,Pennsylvania,Treatment plant,,NWSS_pa_1533_Treatment plant_raw wastewater,Centre,42027,90000,2023-02-10,2023-02-24,-65,100,80.857,no,2022-10-01
Pennsylvania,1533,Pennsylvania,Treatment plant,,NWSS_pa_1533_Treatment plant_raw wastewater,Centre,42027,90000,2023-02-11,2023-02-25,-75,100,72.714,no,2022-10-01
Pennsylvania,1533,Pennsylvania,Treatment plant,,NWSS_pa_1533_Treatment plant_raw wastewater,Centre,42027,90000,2023-02-12,2023-02-26,-78,100,72.714,no,2022-10-01
Pennsylvania,1533,Pennsylvania,Treatment plant,,NWSS_pa_1533_Treatment plant_raw wastewater,Centre,42027,90000,2023-02-13,2023-02-27,-75,100,65.857,no,2022-10-01
Pennsylvania,1533,Pennsylvania,Treatment plant,,NWSS_pa_1533_Treatment plant_raw wastewater,Centre,42027,90000,2023-02-14,2023-02-28,-82,100,65.857,no,2022-10-01
Pennsylvania,1533,Pennsylvania,Treatment plant,,NWSS_pa_1533_Treatment plant_raw wastewater,Centre,42027,90000,2023-02-15,2023-03-01,-63,100,64.714,no,2022-10-01
Pennsylvania,1533,Pennsylvania,Treatment plant,,NWSS_pa_1533_Treatment plant_raw wastewater,Centre,42027,90000,2023-02-16,2023-03-02,-51,100,64.714,no,2022-10-01
Pennsylvania,1533,Pennsylvania,Treatment plant,,NWSS_pa_1533_Treatment plant_raw wastewater,Centre,42027,90000,2023-02-17,2023-03-03,-51,100,64.714,no,2022-10-01
Pennsylvania,1533,Pennsylvania,Treatment plant,,NWSS_pa_1533_Treatment plant_raw wastewater,Centre,42027,90000,2023-02-18,2023-03-04,-69,100,55.0,no,2022-10-01
Pennsylvania,1533,Pennsylvania,Treatment plant,,NWSS_pa_1533_Treatment plant_raw wastewater,Centre,42027,90000,2023-02-19,2023-03-05,-60,100,55.0,no,2022-10-01
Pennsylvania,1533,Pennsylvania,Treatment plant,,NWSS_pa_1533_Treatment plant_raw wastewater,Centre,42027,90000,2023-02-20,2023-03-06,-39,100,51.0,no,2022-10-01
Pennsylvania,1533,Pennsylvania,Treatment plant,,NWSS_pa_1533_Treatment plant_raw wastewater,Centre,42027,90000,2023-02-21,2023-03-07,-33,100,51.0,no,2022-10-01
Pennsylvania,1533,Pennsylvania,Treatment plant,,NWSS_pa_1533_Treatment plant_raw wastewater,Centre,42027,90000,2023-02-22,2023-03-08,-13,100,50.0,no,2022-10-01
Pennsylvania,1533,Pennsylvania,Treatment plant,,NWSS_pa_1533_Treatment plant_raw wastewater,Centre,42027,90000,2023-02-23,2023-03-09,28,100,50.0,no,2022-10-01
Pennsylvania,1533,Pennsylvania,Treatment plant,,NWSS_pa_1533_Treatment plant_raw wastewater,Centre,42027,90000,2023-02-24,2023-03-10,28,100,50.0,no,2022-10-01
Pennsylvania,1533,Pennsylvania,Treatment plant,,NWSS_pa_1533_Treatment plant_raw wastewater,Centre,42027,90000,2023-02-25,2023-03-11,45,100,49.286,no,2022-10-01
Pennsylvania,1533,Pennsylvania,Treatment plant,,NWSS_pa_1533_Treatment plant_raw wastewater,Centre,42027,90000,2023-02-26,2023-03-12,26,100,49.286,no,2022-10-01
Pennsylvania,1533,Pennsylvania,Treatment plant,,NWSS_pa_1533_Treatment plant_raw wastewater,Centre,42027,90000,2023-02-27,2023-03-13,27,100,51.857,no,2022-10-01
Pennsylvania,1533,Pennsylvania,Treatment plant,,NWSS_pa_1533_Treatment plant_raw wastewater,Centre,42027,90000,2023-02-28,2023-03-14,14,100,51.857,no,2022-10-01
Pennsylvania,1533,Pennsylvania,Treatment plant,,NWSS_pa_1533_Treatment plant_raw wastewater,Centre,42027,90000,2023-03-01,2023-03-15,14,100,51.857,no,2022-10-01
Pennsylvania,1533,Pennsylvania,Treatment plant,,NWSS_pa_1533_Treatment plant_raw wastewater,Centre,42027,90000,2023-03-02,2023-03-16,255,100,51.857,no,2022-10-01
Pennsylvania,1533,Pennsylvania,Treatment plant,,NWSS_pa_1533_Treatment plant_raw wastewater,Centre,42027,90000,2023-03-03,2023-03-17,255,100,51.857,no,2022-10-01
Pennsylvania,1533,Pennsylvania,Treatment plant,,NWSS_pa_1533_Treatment plant_raw wastewater,Centre,42027,90000,2023-03-04,2023-03-18,15,100,47.0,no,2022-10-01
Pennsylvania,1533,Pennsylvania,Treatment plant,,NWSS_pa_1533_Treatment plant_raw wastewater,Centre,42027,90000,2023-03-05,2023-03-19,-48,100,47.0,no,2022-10-01
Pennsylvania,1533,Pennsylvania,Treatment plant,,NWSS_pa_1533_Treatment plant_raw wastewater,Centre,42027,90000,2023-03-06,2023-03-20,-29,100,52.333,no,2022-10-01
Pennsylvania,1533,Pennsylvania,Treatment plant,,NWSS_pa_1533_Treatment plant_raw wastewater,Centre,42027,90000,2023-03-07,2023-03-21,-36,100,52.333,no,2022-10-01
Pennsylvania,1533,Pennsylvania,Treatment plant,,NWSS_pa_1533_Treatment plant_raw wastewater,Centre,42027,90000,2023-03-08,2023-03-22,-8,100,54.167,no,2022-10-01
Pennsylvania,1533,Pennsylvania,Treatment plant,,NWSS_pa_1533_Treatment plant_raw wastewater,Centre,42027,90000,2023-03-09,2023-03-23,-7,100,54.167,no,2022-10-01
Pennsylvania,1533,Pennsylvania,Treatment plant,,NWSS_pa_1533_Treatment plant_raw wastewater,Centre,42027,90000,2023-03-10,2023-03-24,-7,100,54.167,no,2022-10-01
Pennsylvania,1533,Pennsylvania,Treatment plant,,NWSS_pa_1533_Treatment plant_raw wastewater,Centre,42027,90000,2023-03-11,2023-03-25,-50,100,48.167,no,2022-10-01
Pennsylvania,1533,Pennsylvania,Treatment plant,,NWSS_pa_1533_Treatment plant_raw wastewater,Centre,42027,90000,2023-03-12,2023-03-26,-52,100,48.167,no,2022-10-01
Pennsylvania,1533,Pennsylvania,Treatment plant,,NWSS_pa_1533_Treatment plant_raw wastewater,Centre,42027,90000,2023-03-13,2023-03-27,-27,100,47.167,no,2022-10-01
Pennsylvania,1533,Pennsylvania,Treatment plant,,NWSS_pa_1533_Treatment plant_raw wastewater,Centre,42027,90000,2023-03-14,2023-03-28,-5,100,47.167,no,2022-10-01
Pennsylvania,1533,Pennsylvania,Treatment plant,,NWSS_pa_1533_Treatment plant_raw wastewater,Centre,42027,90000,2023-03-15,2023-03-29,-24,100,43.667,no,2022-10-01
Pennsylvania,1533,Pennsylvania,Treatment plant,,NWSS_pa_1533_Treatment plant_raw wastewater,Centre,42027,90000,2023-03-16,2023-03-30,-24,100,43.667,no,2022-10-01
Pennsylvania,1533,Pennsylvania,Treatment plant,,NWSS_pa_1533_Treatment plant_raw wastewater,Centre,42027,90000,2023-03-17,2023-03-31,-24,100,43.667,no,2022-10-01
Pennsylvania,1533,Pennsylvania,Treatment plant,,NWSS_pa_1533_Treatment plant_raw wastewater,Centre,42027,90000,2023-03-18,2023-04-01,-51,100,40.0,no,2022-10-01
Pennsylvania,1533,Pennsylvania,Treatment plant,,NWSS_pa_1533_Treatment plant_raw wastewater,Centre,42027,90000,2023-03-19,2023-04-02,-71,100,40.0,no,2022-10-01
Pennsylvania,1533,Pennsylvania,Treatment plant,,NWSS_pa_1533_Treatment plant_raw wastewater,Centre,42027,90000,2023-03-20,2023-04-03,-64,100,39.0,no,2022-10-01
Pennsylvania,1533,Pennsylvania,Treatment plant,,NWSS_pa_1533_Treatment plant_raw wastewater,Centre,42027,90000,2023-03-21,2023-04-04,-66,100,39.0,no,2022-10-01
Pennsylvania,1533,Pennsylvania,Treatment plant,,NWSS_pa_1533_Treatment plant_raw wastewater,Centre,42027,90000,2023-03-22,2023-04-05,-46,100,37.429,no,2022-10-01
Pennsylvania,1533,Pennsylvania,Treatment plant,,NWSS_pa_1533_Treatment plant_raw wastewater,Centre,42027,90000,2023-03-23,2023-04-06,-2,100,37.429,no,2022-10-01
Pennsylvania,1533,Pennsylvania,Treatment plant,,NWSS_pa_1533_Treatment plant_raw wastewater,Centre,42027,90000,2023-03-24,2023-04-07,-2,100,37.429,no,2022-10-01
Pennsylvania,1533,Pennsylvania,Treatment plant,,NWSS_pa_1533_Treatment plant_raw wastewater,Centre,42027,90000,2023-03-25,2023-04-08,-30,100,30.571,no,2022-10-01
Pennsylvania,1533,Pennsylvania,Treatment plant,,NWSS_pa_1533_Treatment plant_raw wastewater,Centre,42027,90000,2023-03-26,2023-04-09,-57,100,30.571,no,2022-10-01
Pennsylvania,1533,Pennsylvania,Treatment plant,,NWSS_pa_1533_Treatment plant_raw wastewater,Centre,42027,90000,2023-03-27,2023-04-10,-66,100,29.143,no,2022-10-01
Pennsylvania,1533,Pennsylvania,Treatment plant,,NWSS_pa_1533_Treatment plant_raw wastewater,Centre,42027,90000,2023-03-28,2023-04-11,-55,100,29.143,no,2022-10-01
Pennsylvania,1533,Pennsylvania,Treatment plant,,NWSS_pa_1533_Treatment plant_raw wastewater,Centre,42027,90000,2023-03-29,2023-04-12,-45,100,24.286,no,2022-10-01
Pennsylvania,1533,Pennsylvania,Treatment plant,,NWSS_pa_1533_Treatment plant_raw wastewater,Centre,42027,90000,2023-03-30,2023-04-13,-39,100,24.286,no,2022-10-01
Pennsylvania,1533,Pennsylvania,Treatment plant,,NWSS_pa_1533_Treatment plant_raw wastewater,Centre,42027,90000,2023-03-31,2023-04-14,-39,100,24.286,no,2022-10-01
Pennsylvania,1533,Pennsylvania,Treatment plant,,NWSS_pa_1533_Treatment plant_raw wastewater,Centre,42027,90000,2023-04-01,2023-04-15,-13,100,23.0,no,2022-10-01
Pennsylvania,1533,Pennsylvania,Treatment plant,,NWSS_pa_1533_Treatment plant_raw wastewater,Centre,42027,90000,2023-04-02,2023-04-16,-33,100,23.0,no,2022-10-01
Pennsylvania,1533,Pennsylvania,Treatment plant,,NWSS_pa_1533_Treatment plant_raw wastewater,Centre,42027,90000,2023-04-03,2023-04-17,-24,100,23.429,no,2022-10-01
Pennsylvania,1533,Pennsylvania,Treatment plant,,NWSS_pa_1533_Treatment plant_raw wastewater,Centre,42027,90000,2023-04-04,2023-04-18,-21,100,23.429,no,2022-10-01
Pennsylvania,1533,Pennsylvania,Treatment plant,,NWSS_pa_1533_Treatment plant_raw wastewater,Centre,42027,90000,2023-04-05,2023-04-19,7,100,24.143,no,2022-10-01
Pennsylvania,1533,Pennsylvania,Treatment plant,,NWSS_pa_1533_Treatment plant_raw wastewater,Centre,42027,90000,2023-04-06,2023-04-20,125,100,24.143,no,2022-10-01
Pennsylvania,1533,Pennsylvania,Treatment plant,,NWSS_pa_1533_Treatment plant_raw wastewater,Centre,42027,90000,2023-04-07,2023-04-21,125,100,24.143,no,2022-10-01
Pennsylvania,1533,Pennsylvania,Treatment plant,,NWSS_pa_1533_Treatment plant_raw wastewater,Centre,42027,90000,2023-04-08,2023-04-22,109,100,22.714,no,2022-10-01
Pennsylvania,1533,Pennsylvania,Treatment plant,,NWSS_pa_1533_Treatment plant_raw wastewater,Centre,42027,90000,2023-04-09,2023-04-23,151,100,22.714,no,2022-10-01
Pennsylvania,1533,Pennsylvania,Treatment plant,,NWSS_pa_1533_Treatment plant_raw wastewater,Centre,42027,90000,2023-04-10,2023-04-24,41,100,22.143,no,2022-10-01
Pennsylvania,1533,Pennsylvania,Treatment plant,,NWSS_pa_1533_Treatment plant_raw wastewater,Centre,42027,90000,2023-04-11,2023-04-25,-8,100,22.143,no,2022-10-01
Pennsylvania,1533,Pennsylvania,Treatment plant,,NWSS_pa_1533_Treatment plant_raw wastewater,Centre,42027,90000,2023-04-12,2023-04-26,-5,100,24.0,no,2022-10-01
Pennsylvania,1533,Pennsylvania,Treatment plant,,NWSS_pa_1533_Treatment plant_raw wastewater,Centre,42027,90000,2023-04-13,2023-04-27,-24,100,24.0,no,2022-10-01
Pennsylvania,1533,Pennsylvania,Treatment plant,,NWSS_pa_1533_Treatment plant_raw wastewater,Centre,42027,90000,2023-04-14,2023-04-28,-24,100,24.0,no,2022-10-01
Pennsylvania,1533,Pennsylvania,Treatment plant,,NWSS_pa_1533_Treatment plant_raw wastewater,Centre,42027,90000,2023-04-15,2023-04-29,31,100,28.0,no,2022-10-01
Pennsylvania,1533,Pennsylvania,Treatment plant,,NWSS_pa_1533_Treatment plant_raw wastewater,Centre,42027,90000,2023-04-16,2023-04-30,51,100,28.0,no,2022-10-01
Pennsylvania,1533,Pennsylvania,Treatment plant,,NWSS_pa_1533_Treatment plant_raw wastewater,Centre,42027,90000,2023-04-17,2023-05-01,53,100,29.286,no,2022-10-01
Pennsylvania,1533,Pennsylvania,Treatment plant,,NWSS_pa_1533_Treatment plant_raw wastewater,Centre,42027,90000,2023-04-18,2023-05-02,48,100,29.286,no,2022-10-01
Pennsylvania,1533,Pennsylvania,Treatment plant,,NWSS_pa_1533_Treatment plant_raw wastewater,Centre,42027,90000,2023-04-19,2023-05-03,58,100,32.286,no,2022-10-01
Pennsylvania,1533,Pennsylvania,Treatment plant,,NWSS_pa_1533_Treatment plant_raw wastewater,Centre,42027,90000,2023-04-20,2023-05-04,124,100,32.286,no,2022-10-01
Pennsylvania,1533,Pennsylvania,Treatment plant,,NWSS_pa_1533_Treatment plant_raw wastewater,Centre,42027,90000,2023-04-21,2023-05-05,124,100,32.286,no,2022-10-01
Pennsylvania,1533,Pennsylvania,Treatment plant,,NWSS_pa_1533_Treatment plant_raw wastewater,Centre,42027,90000,2023-04-22,2023-05-06,82,100,32.857,no,2022-10-01
Pennsylvania,1533,Pennsylvania,Treatment plant,,NWSS_pa_1533_Treatment plant_raw wastewater,Centre,42027,90000,2023-04-23,2023-05-07,150,100,32.857,no,2022-10-01
Pennsylvania,1533,Pennsylvania,Treatment plant,,NWSS_pa_1533_Treatment plant_raw wastewater,Centre,42027,90000,2023-04-24,2023-05-08,48,100,31.429,no,2022-10-01
Pennsylvania,1533,Pennsylvania,Treatment plant,,NWSS_pa_1533_Treatment plant_raw wastewater,Centre,42027,90000,2023-04-25,2023-05-09,-10,100,31.429,no,2022-10-01
Pennsylvania,1533,Pennsylvania,Treatment plant,,NWSS_pa_1533_Treatment plant_raw wastewater,Centre,42027,90000,2023-04-26,2023-05-10,18,100,36.571,no,2022-10-01
Pennsylvania,1533,Pennsylvania,Treatment plant,,NWSS_pa_1533_Treatment plant_raw wastewater,Centre,42027,90000,2023-04-27,2023-05-11,-20,100,36.571,no,2022-10-01
Pennsylvania,1533,Pennsylvania,Treatment plant,,NWSS_pa_1533_Treatment plant_raw wastewater,Centre,42027,90000,2023-04-28,2023-05-12,-20,100,36.571,no,2022-10-01
Pennsylvania,1533,Pennsylvania,Treatment plant,,NWSS_pa_1533_Treatment plant_raw wastewater,Centre,42027,90000,2023-04-29,2023-05-13,-60,100,34.571,no,2022-10-01
Pennsylvania,1533,Pennsylvania,Treatment plant,,NWSS_pa_1533_Treatment plant_raw wastewater,Centre,42027,90000,2023-04-30,2023-05-14,-62,100,34.571,no,2022-10-01
Pennsylvania,1533,Pennsylvania,Treatment plant,,NWSS_pa_1533_Treatment plant_raw wastewater,Centre,42027,90000,2023-05-01,2023-05-15,-37,100,33.429,no,2022-10-01
Pennsylvania,1533,Pennsylvania,Treatment plant,,NWSS_pa_1533_Treatment plant_raw wastewater,Centre,42027,90000,2023-05-02,2023-05-16,-44,100,33.429,no,2022-10-01
Pennsylvania,1533,Pennsylvania,Treatment plant,,NWSS_pa_1533_Treatment plant_raw wastewater,Centre,42027,90000,2023-05-03,2023-05-17,-34,100,32.429,no,2022-10-01
Pennsylvania,1533,Pennsylvania,Treatment plant,,NWSS_pa_1533_Treatment plant_raw wastewater,Centre,42027,90000,2023-05-04,2023-05-18,-26,100,32.429,no,2022-10-01
Pennsylvania,1533,Pennsylvania,Treatment plant,,NWSS_pa_1533_Treatment plant_raw wastewater,Centre,42027,90000,2023-05-05,2023-05-19,-26,100,32.429,no,2022-10-01
Pennsylvania,1533,Pennsylvania,Treatment plant,,NWSS_pa_1533_Treatment plant_raw wastewater,Centre,42027,90000,2023-05-06,2023-05-20,-41,100,28.571,no,2022-10-01
Pennsylvania,1533,Pennsylvania,Treatment plant,,NWSS_pa_1533_Treatment plant_raw wastewater,Centre,42027,90000,2023-05-07,2023-05-21,-35,100,28.571,no,2022-10-01
Pennsylvania,1533,Pennsylvania,Treatment plant,,NWSS_pa_1533_Treatment plant_raw wastewater,Centre,42027,90000,2023-05-08,2023-05-22,-3,100,28.571,no,2022-10-01
Pennsylvania,1533,Pennsylvania,Treatment plant,,NWSS_pa_1533_Treatment plant_raw wastewater,Centre,42027,90000,2023-05-09,2023-05-23,-17,100,28.571,no,2022-10-01
Pennsylvania,1533,Pennsylvania,Treatment plant,,NWSS_pa_1533_Treatment plant_raw wastewater,Centre,42027,90000,2023-05-10,2023-05-24,8,100,30.857,no,2022-10-01
Pennsylvania,1533,Pennsylvania,Treatment plant,,NWSS_pa_1533_Treatment plant_raw wastewater,Centre,42027,90000,2023-05-11,2023-05-25,137,100,30.857,no,2022-10-01
Pennsylvania,1533,Pennsylvania,Treatment plant,,NWSS_pa_1533_Treatment plant_raw wastewater,Centre,42027,90000,2023-05-12,2023-05-26,137,100,30.857,no,2022-10-01
Pennsylvania,1533,Pennsylvania,Treatment plant,,NWSS_pa_1533_Treatment plant_raw wastewater,Centre,42027,90000,2023-05-13,2023-05-27,-8,100,24.714,no,2022-10-01
Pennsylvania,1533,Pennsylvania,Treatment plant,,NWSS_pa_1533_Treatment plant_raw wastewater,Centre,42027,90000,2023-05-14,2023-05-28,-58,100,24.714,no,2022-10-01
Pennsylvania,1533,Pennsylvania,Treatment plant,,NWSS_pa_1533_Treatment plant_raw wastewater,Centre,42027,90000,2023-05-15,2023-05-29,-54,100,25.714,no,2022-10-01
Pennsylvania,1533,Pennsylvania,Treatment plant,,NWSS_pa_1533_Treatment plant_raw wastewater,Centre,42027,90000,2023-05-16,2023-05-30,-50,100,25.714,no,2022-10-01
Pennsylvania,1533,Pennsylvania,Treatment plant,,NWSS_pa_1533_Treatment plant_raw wastewater,Centre,42027,90000,2023-05-17,2023-05-31,-53,100,21.714,no,2022-10-01
Pennsylvania,1533,Pennsylvania,Treatment plant,,NWSS_pa_1533_Treatment plant_raw wastewater,Centre,42027,90000,2023-05-18,2023-06-01,-58,100,21.714,no,2022-10-01
Pennsylvania,1533,Pennsylvania,Treatment plant,,NWSS_pa_1533_Treatment plant_raw wastewater,Centre,42027,90000,2023-05-19,2023-06-02,-58,100,21.714,no,2022-10-01
Pennsylvania,1533,Pennsylvania,Treatment plant,,NWSS_pa_1533_Treatment plant_raw wastewater,Centre,42027,90000,2023-05-20,2023-06-03,-82,100,17.571,no,2022-10-01
Pennsylvania,1533,Pennsylvania,Treatment plant,,NWSS_pa_1533_Treatment plant_raw wastewater,Centre,42027,90000,2023-05-21,2023-06-04,-92,100,17.571,no,2022-10-01
Pennsylvania,1533,Pennsylvania,Treatment plant,,NWSS_pa_1533_Treatment plant_raw wastewater,Centre,42027,90000,2023-05-22,2023-06-05,-78,100,17.429,no,2022-10-01
Pennsylvania,1533,Pennsylvania,Treatment plant,,NWSS_pa_1533_Treatment plant_raw wastewater,Centre,42027,90000,2023-05-23,2023-06-06,-75,100,17.429,no,2022-10-01
Pennsylvania,1533,Pennsylvania,Treatment plant,,NWSS_pa_1533_Treatment plant_raw wastewater,Centre,42027,90000,2023-05-24,2023-06-07,-50,100,14.571,no,2022-10-01
Pennsylvania,1533,Pennsylvania,Treatment plant,,NWSS_pa_1533_Treatment plant_raw wastewater,Centre,42027,90000,2023-05-25,2023-06-08,12,100,14.571,no,2022-10-01
Pennsylvania,1533,Pennsylvania,Treatment plant,,NWSS_pa_1533_Treatment plant_raw wastewater,Centre,42027,90000,2023-05-26,2023-06-09,12,100,14.571,no,2022-10-01
Pennsylvania,1533,Pennsylvania,Treatment plant,,NWSS_pa_1533_Treatment plant_raw wastewater,Centre,42027,90000,2023-05-27,2023-06-10,-19,100,9.857,no,2022-10-01
Pennsylvania,1533,Pennsylvania,Treatment plant,,NWSS_pa_1533_Treatment plant_raw wastewater,Centre,42027,90000,2023-05-28,2023-06-11,-31,100,9.857,no,2022-10-01
Pennsylvania,1533,Pennsylvania,Treatment plant,,NWSS_pa_1533_Treatment plant_raw wastewater,Centre,42027,90000,2023-05-29,2023-06-12,-20,100,10.143,no,2022-10-01
Pennsylvania,1533,Pennsylvania,Treatment plant,,NWSS_pa_1533_Treatment plant_raw wastewater,Centre,42027,90000,2023-05-30,2023-06-13,20,100,10.143,no,2022-10-01
Pennsylvania,1533,Pennsylvania,Treatment plant,,NWSS_pa_1533_Treatment plant_raw wastewater,Centre,42027,90000,2023-05-31,2023-06-14,19,100,9.0,no,2022-10-01
Pennsylvania,1533,Pennsylvania,Treatment plant,,NWSS_pa_1533_Treatment plant_raw wastewater,Centre,42027,90000,2023-06-01,2023-06-15,89,100,9.0,no,2022-10-01
Pennsylvania,1533,Pennsylvania,Treatment plant,,NWSS_pa_1533_Treatment plant_raw wastewater,Centre,42027,90000,2023-06-02,2023-06-16,89,100,9.0,no,2022-10-01
Pennsylvania,1533,Pennsylvania,Treatment plant,,NWSS_pa_1533_Treatment plant_raw wastewater,Centre,42027,90000,2023-06-03,2023-06-17,-15,100,7.714,no,2022-10-01
Pennsylvania,1533,Pennsylvania,Treatment plant,,NWSS_pa_1533_Treatment plant_raw wastewater,Centre,42027,90000,2023-06-04,2023-06-18,-73,100,7.714,no,2022-10-01
Pennsylvania,1533,Pennsylvania,Treatment plant,,NWSS_pa_1533_Treatment plant_raw wastewater,Centre,42027,90000,2023-06-05,2023-06-19,-68,100,8.143,no,2022-10-01
Pennsylvania,1533,Pennsylvania,Treatment plant,,NWSS_pa_1533_Treatment plant_raw wastewater,Centre,42027,90000,2023-06-06,2023-06-20,-70,100,8.143,no,2022-10-01
Pennsylvania,1533,Pennsylvania,Treatment plant,,NWSS_pa_1533_Treatment plant_raw wastewater,Centre,42027,90000,2023-06-07,2023-06-21,-48,100,7.143,no,2022-10-01
Pennsylvania,1533,Pennsylvania,Treatment plant,,NWSS_pa_1533_Treatment plant_raw wastewater,Centre,42027,90000,2023-06-08,2023-06-22,-19,100,7.143,no,2022-10-01
Pennsylvania,1533,Pennsylvania,Treatment plant,,NWSS_pa_1533_Treatment plant_raw wastewater,Centre,42027,90000,2023-06-09,2023-06-23,-19,100,7.143,no,2022-10-01
Pennsylvania,1533,Pennsylvania,Treatment plant,,NWSS_pa_1533_Treatment plant_raw wastewater,Centre,42027,90000,2023-06-10,2023-06-24,-19,100,5.286,no,2022-10-01
Pennsylvania,1533,Pennsylvania,Treatment plant,,NWSS_pa_1533_Treatment plant_raw wastewater,Centre,42027,90000,2023-06-11,2023-06-25,-31,100,5.286,no,2022-10-01
Pennsylvania,1533,Pennsylvania,Treatment plant,,NWSS_pa_1533_Treatment plant_raw wastewater,Centre,42027,90000,2023-06-12,2023-06-26,-50,100,4.714,no,2022-10-01
Pennsylvania,1533,Pennsylvania,Treatment plant,,NWSS_pa_1533_Treatment plant_raw wastewater,Centre,42027,90000,2023-06-13,2023-06-27,-45,100,4.714,no,2022-10-01
Pennsylvania,1533,Pennsylvania,Treatment plant,,NWSS_pa_1533_Treatment plant_raw wastewater,Centre,42027,90000,2023-06-14,2023-06-28,-65,100,3.571,no,2022-10-01
Pennsylvania,1533,Pennsylvania,Treatment plant,,NWSS_pa_1533_Treatment plant_raw wastewater,Centre,42027,90000,2023-06-15,2023-06-29,-60,100,3.571,no,2022-10-01
Pennsylvania,1533,Pennsylvania,Treatment plant,,NWSS_pa_1533_Treatment plant_raw wastewater,Centre,42027,90000,2023-06-16,2023-06-30,-60,100,3.571,no,2022-10-01
Pennsylvania,1533,Pennsylvania,Treatment plant,,NWSS_pa_1533_Treatment plant_raw wastewater,Centre,42027,90000,2023-06-17,2023-07-01,120,100,8.143,no,2022-10-01
Pennsylvania,1533,Pennsylvania,Treatment plant,,NWSS_pa_1533_Treatment plant_raw wastewater,Centre,42027,90000,2023-06-18,2023-07-02,104,100,8.143,no,2022-10-01
Pennsylvania,1533,Pennsylvania,Treatment plant,,NWSS_pa_1533_Treatment plant_raw wastewater,Centre,42027,90000,2023-06-19,2023-07-03,238,100,11.429,no,2022-10-01
Pennsylvania,1533,Pennsylvania,Treatment plant,,NWSS_pa_1533_Treatment plant_raw wastewater,Centre,42027,90000,2023-06-20,2023-07-04,363,100,11.429,no,2022-10-01
Pennsylvania,1533,Pennsylvania,Treatment plant,,NWSS_pa_1533_Treatment plant_raw wastewater,Centre,42027,90000,2023-06-21,2023-07-05,87,100,11.286,no,2022-10-01
Pennsylvania,1533,Pennsylvania,Treatment plant,,NWSS_pa_1533_Treatment plant_raw wastewater,Centre,42027,90000,2023-06-22,2023-07-06,298,100,11.286,no,2022-10-01
Pennsylvania,1533,Pennsylvania,Treatment plant,,NWSS_pa_1533_Treatment plant_raw wastewater,Centre,42027,90000,2023-06-23,2023-07-07,298,100,11.286,no,2022-10-01
Pennsylvania,1533,Pennsylvania,Treatment plant,,NWSS_pa_1533_Treatment plant_raw wastewater,Centre,42027,90000,2023-06-24,2023-07-08,316,100,13.143,no,2022-10-01
Pennsylvania,1533,Pennsylvania,Treatment plant,,NWSS_pa_1533_Treatment plant_raw wastewater,Centre,42027,90000,2023-06-25,2023-07-09,556,100,13.143,no,2022-10-01
Pennsylvania,1533,Pennsylvania,Treatment plant,,NWSS_pa_1533_Treatment plant_raw wastewater,Centre,42027,90000,2023-06-26,2023-07-10,84,100,12.714,no,2022-10-01
Pennsylvania,1533,Pennsylvania,Treatment plant,,NWSS_pa_1533_Treatment plant_raw wastewater,Centre,42027,90000,2023-06-27,2023-07-11,5,100,12.714,no,2022-10-01
Pennsylvania,1533,Pennsylvania,Treatment plant,,NWSS_pa_1533_Treatment plant_raw wastewater,Centre,42027,90000,2023-06-28,2023-07-12,44,100,14.714,no,2022-10-01
Pennsylvania,1533,Pennsylvania,Treatment plant,,NWSS_pa_1533_Treatment plant_raw wastewater,Centre,42027,90000,2023-06-29,2023-07-13,-75,100,14.714,no,2022-10-01
Pennsylvania,1533,Pennsylvania,Treatment plant,,NWSS_pa_1533_Treatment plant_raw wastewater,Centre,42027,90000,2023-06-30,2023-07-14,-75,100,14.714,no,2022-10-01
Pennsylvania,1533,Pennsylvania,Treatment plant,,NWSS_pa_1533_Treatment plant_raw wastewater,Centre,42027,90000,2023-07-01,2023-07-15,-38,100,17.857,no,2022-10-01
Pennsylvania,1533,Pennsylvania,Treatment plant,,NWSS_pa_1533_Treatment plant_raw wastewater,Centre,42027,90000,2023-07-02,2023-07-16,35,100,17.857,no,2022-10-01
Pennsylvania,1533,Pennsylvania,Treatment plant,,NWSS_pa_1533_Treatment plant_raw wastewater,Centre,42027,90000,2023-07-03,2023-07-17,-33,100,12.429,no,2022-10-01
Pennsylvania,1533,Pennsylvania,Treatment plant,,NWSS_pa_1533_Treatment plant_raw wastewater,Centre,42027,90000,2023-07-04,2023-07-18,39,100,12.429,no,2022-10-01
Pennsylvania,1533,Pennsylvania,Treatment plant,,NWSS_pa_1533_Treatment plant_raw wastewater,Centre,42027,90000,2023-07-05,2023-07-19,31,100,9.857,no,2022-10-01
Pennsylvania,1533,Pennsylvania,Treatment plant,,NWSS_pa_1533_Treatment plant_raw wastewater,Centre,42027,90000,2023-07-06,2023-07-20,-32,100,9.857,no,2022-10-01
Pennsylvania,1533,Pennsylvania,Treatment plant,,NWSS_pa_1533_Treatment plant_raw wastewater,Centre,42027,90000,2023-07-07,2023-07-21,-32,100,9.857,no,2022-10-01
Pennsylvania,1533,Pennsylvania,Treatment plant,,NWSS_pa_1533_Treatment plant_raw wastewater,Centre,42027,90000,2023-07-08,2023-07-22,-12,100,11.0,no,2022-10-01
Pennsylvania,1533,Pennsylvania,Treatment plant,,NWSS_pa_1533_Treatment plant_raw wastewater,Centre,42027,90000,2023-07-09,2023-07-23,65,100,11.0,no,2022-10-01
Pennsylvania,1533,Pennsylvania,Treatment plant,,NWSS_pa_1533_Treatment plant_raw wastewater,Centre,42027,90000,2023-07-10,2023-07-24,56,100,9.429,no,2022-10-01
Pennsylvania,1533,Pennsylvania,Treatment plant,,NWSS_pa_1533_Treatment plant_raw wastewater,Centre,42027,90000,2023-07-11,2023-07-25,-34,100,9.429,no,2022-10-01
Pennsylvania,1533,Pennsylvania,Treatment plant,,NWSS_pa_1533_Treatment plant_raw wastewater,Centre,42027,90000,2023-07-12,2023-07-26,-10,100,11.143,no,2022-10-01
Pennsylvania,1533,Pennsylvania,Treatment plant,,NWSS_pa_1533_Treatment plant_raw wastewater,Centre,42027,90000,2023-07-13,2023-07-27,24,100,11.143,no,2022-10-01
Pennsylvania,1533,Pennsylvania,Treatment plant,,NWSS_pa_1533_Treatment plant_raw wastewater,Centre,42027,90000,2023-07-14,2023-07-28,24,100,11.143,no,2022-10-01
Pennsylvania,1533,Pennsylvania,Treatment plant,,NWSS_pa_1533_Treatment plant_raw wastewater,Centre,42027,90000,2023-07-15,2023-07-29,48,100,11.286,no,2022-10-01
Pennsylvania,1533,Pennsylvania,Treatment plant,,NWSS_pa_1533_Treatment plant_raw wastewater,Centre,42027,90000,2023-07-16,2023-07-30,251,100,11.286,no,2022-10-01
Pennsylvania,1533,Pennsylvania,Treatment plant,,NWSS_pa_1533_Treatment plant_raw wastewater,Centre,42027,90000,2023-07-17,2023-07-31,251,100,11.286,no,2022-10-01
Pennsylvania,1533,Pennsylvania,Treatment plant,,NWSS_pa_1533_Treatment plant_raw wastewater,Centre,42027,90000,2023-07-18,2023-08-01,106,100,11.286,no,2022-10-01
Pennsylvania,1533,Pennsylvania,Treatment plant,,NWSS_pa_1533_Treatment plant_raw wastewater,Centre,42027,90000,2023-07-19,2023-08-02,185,100,14.833,no,2022-10-01
Pennsylvania,1533,Pennsylvania,Treatment plant,,NWSS_pa_1533_Treatment plant_raw wastewater,Centre,42027,90000,2023-07-20,2023-08-03,227,100,14.833,no,2022-10-01
Pennsylvania,1533,Pennsylvania,Treatment plant,,NWSS_pa_1533_Treatment plant_raw wastewater,Centre,42027,90000,2023-07-21,2023-08-04,227,100,14.833,no,2022-10-01
Pennsylvania,1533,Pennsylvania,Treatment plant,,NWSS_pa_1533_Treatment plant_raw wastewater,Centre,42027,90000,2023-07-22,2023-08-05,72,100,15.833,no,2022-10-01
Pennsylvania,1533,Pennsylvania,Treatment plant,,NWSS_pa_1533_Treatment plant_raw wastewater,Centre,42027,90000,2023-07-23,2023-08-06,68,100,15.833,no,2022-10-01
Pennsylvania,1533,Pennsylvania,Treatment plant,,NWSS_pa_1533_Treatment plant_raw wastewater,Centre,42027,90000,2023-07-24,2023-08-07,98,100,19.667,no,2022-10-01
Pennsylvania,1533,Pennsylvania,Treatment plant,,NWSS_pa_1533_Treatment plant_raw wastewater,Centre,42027,90000,2023-07-25,2023-08-08,73,100,19.667,no,2022-10-01
Pennsylvania,1533,Pennsylvania,Treatment plant,,NWSS_pa_1533_Treatment plant_raw wastewater,Centre,42027,90000,2023-07-26,2023-08-09,67,100,22.833,no,2022-10-01
Pennsylvania,1533,Pennsylvania,Treatment plant,,NWSS_pa_1533_Treatment plant_raw wastewater,Centre,42027,90000,2023-07-27,2023-08-10,50,100,22.833,no,2022-10-01
Pennsylvania,1533,Pennsylvania,Treatment plant,,NWSS_pa_1533_Treatment plant_raw wastewater,Centre,42027,90000,2023-07-28,2023-08-11,50,100,22.833,no,2022-10-01
Pennsylvania,1533,Pennsylvania,Treatment plant,,NWSS_pa_1533_Treatment plant_raw wastewater,Centre,42027,90000,2023-07-29,2023-08-12,39,100,25.167,no,2022-10-01
Pennsylvania,1533,Pennsylvania,Treatment plant,,NWSS_pa_1533_Treatment plant_raw wastewater,Centre,42027,90000,2023-07-30,2023-08-13,5,100,25.167,no,2022-10-01
Pennsylvania,1533,Pennsylvania,Treatment plant,,NWSS_pa_1533_Treatment plant_raw wastewater,Centre,42027,90000,2023-07-31,2023-08-14,-1,100,26.5,no,2022-10-01
Pennsylvania,1533,Pennsylvania,Treatment plant,,NWSS_pa_1533_Treatment plant_raw wastewater,Centre,42027,90000,2023-08-01,2023-08-15,-1,100,26.5,no,2022-10-01
Pennsylvania,1533,Pennsylvania,Treatment plant,,NWSS_pa_1533_Treatment plant_raw wastewater,Centre,42027,90000,2023-08-02,2023-08-16,-25,100,24.714,no,2022-10-01
Pennsylvania,1533,Pennsylvania,Treatment plant,,NWSS_pa_1533_Treatment plant_raw wastewater,Centre,42027,90000,2023-08-03,2023-08-17,-10,100,24.714,no,2022-10-01
Pennsylvania,1533,Pennsylvania,Treatment plant,,NWSS_pa_1533_Treatment plant_raw wastewater,Centre,42027,90000,2023-08-04,2023-08-18,-10,100,24.714,no,2022-10-01
Pennsylvania,1533,Pennsylvania,Treatment plant,,NWSS_pa_1533_Treatment plant_raw wastewater,Centre,42027,90000,2023-08-05,2023-08-19,35,100,25.714,no,2022-10-01
Pennsylvania,1533,Pennsylvania,Treatment plant,,NWSS_pa_1533_Treatment plant_raw wastewater,Centre,42027,90000,2023-08-06,2023-08-20,-5,100,25.714,no,2022-10-01
Pennsylvania,1533,Pennsylvania,Treatment plant,,NWSS_pa_1533_Treatment plant_raw wastewater,Centre,42027,90000,2023-08-07,2023-08-21,10,100,28.857,no,2022-10-01
Pennsylvania,1533,Pennsylvania,Treatment plant,,NWSS_pa_1533_Treatment plant_raw wastewater,Centre,42027,90000,2023-08-08,2023-08-22,36,100,28.857,no,2022-10-01
Pennsylvania,1533,Pennsylvania,Treatment plant,,NWSS_pa_1533_Treatment plant_raw wastewater,Centre,42027,90000,2023-08-09,2023-08-23,178,100,34.429,no,2022-10-01
Pennsylvania,1533,Pennsylvania,Treatment plant,,NWSS_pa_1533_Treatment plant_raw wastewater,Centre,42027,90000,2023-08-10,2023-08-24,347,100,34.429,no,2022-10-01
Pennsylvania,1533,Pennsylvania,Treatment plant,,NWSS_pa_1533_Treatment plant_raw wastewater,Centre,42027,90000,2023-08-11,2023-08-25,347,100,34.429,no,2022-10-01
Pennsylvania,1533,Pennsylvania,Treatment plant,,NWSS_pa_1533_Treatment plant_raw wastewater,Centre,42027,90000,2023-08-12,2023-08-26,599,100,43.286,no,2022-10-01
Pennsylvania,1533,Pennsylvania,Treatment plant,,NWSS_pa_1533_Treatment plant_raw wastewater,Centre,42027,90000,2023-08-13,2023-08-27,1106,100,43.286,no,2022-10-01
Pennsylvania,1533,Pennsylvania,Treatment plant,,NWSS_pa_1533_Treatment plant_raw wastewater,Centre,42027,90000,2023-08-14,2023-08-28,1725,100,53.714,no,2022-10-01
Pennsylvania,1533,Pennsylvania,Treatment plant,,NWSS_pa_1533_Treatment plant_raw wastewater,Centre,42027,90000,2023-08-15,2023-08-29,3333,100,53.714,no,2022-10-01
Pennsylvania,1533,Pennsylvania,Treatment plant,,NWSS_pa_1533_Treatment plant_raw wastewater,Centre,42027,90000,2023-08-16,2023-08-30,2757,100,64.571,no,2022-10-01
Pennsylvania,1533,Pennsylvania,Treatment plant,,NWSS_pa_1533_Treatment plant_raw wastewater,Centre,42027,90000,2023-08-17,2023-08-31,2896,100,64.571,no,2022-10-01
Pennsylvania,1533,Pennsylvania,Treatment plant,,NWSS_pa_1533_Treatment plant_raw wastewater,Centre,42027,90000,2023-08-18,2023-09-01,2896,100,64.571,no,2022-10-01
Pennsylvania,1533,Pennsylvania,Treatment plant,,NWSS_pa_1533_Treatment plant_raw wastewater,Centre,42027,90000,2023-08-19,2023-09-02,868,100,76.0,no,2022-10-01
Pennsylvania,1533,Pennsylvania,Treatment plant,,NWSS_pa_1533_Treatment plant_raw wastewater,Centre,42027,90000,2023-08-20,2023-09-03,780,100,76.0,no,2022-10-01
Pennsylvania,1533,Pennsylvania,Treatment plant,,NWSS_pa_1533_Treatment plant_raw wastewater,Centre,42027,90000,2023-08-21,2023-09-04,410,100,84.0,no,2022-10-01
Pennsylvania,1533,Pennsylvania,Treatment plant,,NWSS_pa_1533_Treatment plant_raw wastewater,Centre,42027,90000,2023-08-22,2023-09-05,104,100,84.0,no,2022-10-01
Pennsylvania,1533,Pennsylvania,Treatment plant,,NWSS_pa_1533_Treatment plant_raw wastewater,Centre,42027,90000,2023-08-23,2023-09-06,58,100,92.714,no,2022-10-01
Pennsylvania,1533,Pennsylvania,Treatment plant,,NWSS_pa_1533_Treatment plant_raw wastewater,Centre,42027,90000,2023-08-24,2023-09-07,-19,100,92.714,no,2022-10-01
Pennsylvania,1533,Pennsylvania,Treatment plant,,NWSS_pa_1533_Treatment plant_raw wastewater,Centre,42027,90000,2023-08-25,2023-09-08,-19,100,92.714,no,2022-10-01
Pennsylvania,1533,Pennsylvania,Treatment plant,,NWSS_pa_1533_Treatment plant_raw wastewater,Centre,42027,90000,2023-08-26,2023-09-09,-52,100,92.571,no,2022-10-01
Pennsylvania,1533,Pennsylvania,Treatment plant,,NWSS_pa_1533_Treatment plant_raw wastewater,Centre,42027,90000,2023-08-27,2023-09-10,-76,100,92.571,no,2022-10-01
Pennsylvania,1533,Pennsylvania,Treatment plant,,NWSS_pa_1533_Treatment plant_raw wastewater,Centre,42027,90000,2023-08-28,2023-09-11,-71,100,91.286,no,2022-10-01
Pennsylvania,1533,Pennsylvania,Treatment plant,,NWSS_pa_1533_Treatment plant_raw wastewater,Centre,42027,90000,2023-08-29,2023-09-12,-72,100,91.286,no,2022-10-01
Pennsylvania,1533,Pennsylvania,Treatment plant,,NWSS_pa_1533_Treatment plant_raw wastewater,Centre,42027,90000,2023-08-30,2023-09-13,-61,100,89.714,no,2022-10-01
Pennsylvania,1533,Pennsylvania,Treatment plant,,NWSS_pa_1533_Treatment plant_raw wastewater,Centre,42027,90000,2023-08-31,2023-09-14,-45,100,89.714,no,2022-10-01
Pennsylvania,1533,Pennsylvania,Treatment plant,,NWSS_pa_1533_Treatment plant_raw wastewater,Centre,42027,90000,2023-09-01,2023-09-15,-45,100,89.714,no,2022-10-01
Pennsylvania,1533,Pennsylvania,Treatment plant,,NWSS_pa_1533_Treatment plant_raw wastewater,Centre,42027,90000,2023-09-02,2023-09-16,-49,100,85.857,no,2022-10-01
Pennsylvania,1533,Pennsylvania,Treatment plant,,NWSS_pa_1533_Treatment plant_raw wastewater,Centre,42027,90000,2023-09-03,2023-09-17,-57,100,85.857,no,2022-10-01
Pennsylvania,1533,Pennsylvania,Treatment plant,,NWSS_pa_1533_Treatment plant_raw wastewater,Centre,42027,90000,2023-09-04,2023-09-18,-62,100,81.429,no,2022-10-01
Pennsylvania,1533,Pennsylvania,Treatment plant,,NWSS_pa_1533_Treatment plant_raw wastewater,Centre,42027,90000,2023-09-05,2023-09-19,-59,100,81.429,no,2022-10-01
Pennsylvania,1533,Pennsylvania,Treatment plant,,NWSS_pa_1533_Treatment plant_raw wastewater,Centre,42027,90000,2023-09-06,2023-09-20,-57,100,77.0,no,2022-10-01
Pennsylvania,1533,Pennsylvania,Treatment plant,,NWSS_pa_1533_Treatment plant_raw wastewater,Centre,42027,90000,2023-09-07,2023-09-21,-46,100,77.0,no,2022-10-01
Pennsylvania,1533,Pennsylvania,Treatment plant,,NWSS_pa_1533_Treatment plant_raw wastewater,Centre,42027,90000,2023-09-08,2023-09-22,-46,100,77.0,no,2022-10-01
Pennsylvania,1533,Pennsylvania,Treatment plant,,NWSS_pa_1533_Treatment plant_raw wastewater,Centre,42027,90000,2023-09-09,2023-09-23,-27,100,74.143,no,2022-10-01
Pennsylvania,1533,Pennsylvania,Treatment plant,,NWSS_pa_1533_Treatment plant_raw wastewater,Centre,42027,90000,2023-09-10,2023-09-24,-42,100,74.143,no,2022-10-01
Pennsylvania,1533,Pennsylvania,Treatment plant,,NWSS_pa_1533_Treatment plant_raw wastewater,Centre,42027,90000,2023-09-11,2023-09-25,-42,100,74.143,no,2022-10-01
Pennsylvania,1533,Pennsylvania,Treatment plant,,NWSS_pa_1533_Treatment plant_raw wastewater,Centre,42027,90000,2023-09-12,2023-09-26,-52,100,70.333,no,2022-10-01
Pennsylvania,1533,Pennsylvania,Treatment plant,,NWSS_pa_1533_Treatment plant_raw wastewater,Centre,42027,90000,2023-09-13,2023-09-27,-57,100,67.571,no,2022-10-01
Pennsylvania,1533,Pennsylvania,Treatment plant,,NWSS_pa_1533_Treatment plant_raw wastewater,Centre,42027,90000,2023-09-14,2023-09-28,-46,100,67.571,no,2022-10-01
Pennsylvania,1533,Pennsylvania,Treatment plant,,NWSS_pa_1533_Treatment plant_raw wastewater,Centre,42027,90000,2023-09-15,2023-09-29,-46,100,67.571,no,2022-10-01
Pennsylvania,1533,Pennsylvania,Treatment plant,,NWSS_pa_1533_Treatment plant_raw wastewater,Centre,42027,90000,2023-09-16,2023-09-30,-54,100,61.0,no,2022-10-01
Pennsylvania,1533,Pennsylvania,Treatment plant,,NWSS_pa_1533_Treatment plant_raw wastewater,Centre,42027,90000,2023-09-17,2023-10-01,-54,100,61.0,no,2022-10-01
Pennsylvania,1533,Pennsylvania,Treatment plant,,NWSS_pa_1533_Treatment plant_raw wastewater,Centre,42027,90000,2023-09-18,2023-10-02,-57,100,56.286,no,2022-10-01
Pennsylvania,1533,Pennsylvania,Treatment plant,,NWSS_pa_1533_Treatment plant_raw wastewater,Centre,42027,90000,2023-09-19,2023-10-03,-68,100,56.286,no,2022-10-01
Pennsylvania,1533,Pennsylvania,Treatment plant,,NWSS_pa_1533_Treatment plant_raw wastewater,Centre,42027,90000,2023-09-20,2023-10-04,-62,100,53.429,no,2022-10-01
Pennsylvania,1533,Pennsylvania,Treatment plant,,NWSS_pa_1533_Treatment plant_raw wastewater,Centre,42027,90000,2023-09-21,2023-10-05,-70,100,53.429,no,2022-10-01
Pennsylvania,1533,Pennsylvania,Treatment plant,,NWSS_pa_1533_Treatment plant_raw wastewater,Centre,42027,90000,2023-09-22,2023-10-06,-70,100,53.429,no,2022-10-01
Pennsylvania,1533,Pennsylvania,Treatment plant,,NWSS_pa_1533_Treatment plant_raw wastewater,Centre,42027,90000,2023-09-23,2023-10-07,-72,100,47.286,no,2022-10-01
Pennsylvania,1533,Pennsylvania,Treatment plant,,NWSS_pa_1533_Treatment plant_raw wastewater,Centre,42027,90000,2023-09-24,2023-10-08,-61,100,47.286,no,2022-10-01
Pennsylvania,1533,Pennsylvania,Treatment plant,,NWSS_pa_1533_Treatment plant_raw wastewater,Centre,42027,90000,2023-09-25,2023-10-09,-18,100,45.286,no,2022-10-01
Pennsylvania,1533,Pennsylvania,Treatment plant,,NWSS_pa_1533_Treatment plant_raw wastewater,Centre,42027,90000,2023-09-26,2023-10-10,-18,100,45.286,no,2022-10-01
Pennsylvania,1533,Pennsylvania,Treatment plant,,NWSS_pa_1533_Treatment plant_raw wastewater,Centre,42027,90000,2023-09-27,2023-10-11,-22,100,41.429,no,2022-10-01
Pennsylvania,1533,Pennsylvania,Treatment plant,,NWSS_pa_1533_Treatment plant_raw wastewater,Centre,42027,90000,2023-09-28,2023-10-12,-9,100,41.429,no,2022-10-01
Pennsylvania,1533,Pennsylvania,Treatment plant,,NWSS_pa_1533_Treatment plant_raw wastewater,Centre,42027,90000,2023-09-29,2023-10-13,-9,100,41.429,no,2022-10-01
Pennsylvania,1533,Pennsylvania,Treatment plant,,NWSS_pa_1533_Treatment plant_raw wastewater,Centre,42027,90000,2023-09-30,2023-10-14,9,100,40.714,no,2022-10-01
Pennsylvania,1533,Pennsylvania,Treatment plant,,NWSS_pa_1533_Treatment plant_raw wastewater,Centre,42027,90000,2023-10-01,2023-10-15,19,100,40.714,no,2022-10-01
Pennsylvania,1533,Pennsylvania,Treatment plant,,NWSS_pa_1533_Treatment plant_raw wastewater,Centre,42027,90000,2023-10-02,2023-10-16,58,100,43.143,no,2022-10-01
Pennsylvania,1533,Pennsylvania,Treatment plant,,NWSS_pa_1533_Treatment plant_raw wastewater,Centre,42027,90000,2023-10-03,2023-10-17,81,100,43.143,no,2022-10-01
Pennsylvania,1533,Pennsylvania,Treatment plant,,NWSS_pa_1533_Treatment plant_raw wastewater,Centre,42027,90000,2023-10-04,2023-10-18,160,100,48.143,no,2022-10-01
Pennsylvania,1533,Pennsylvania,Treatment plant,,NWSS_pa_1533_Treatment plant_raw wastewater,Centre,42027,90000,2023-10-05,2023-10-19,294,100,48.143,no,2022-10-01
Pennsylvania,1533,Pennsylvania,Treatment plant,,NWSS_pa_1533_Treatment plant_raw wastewater,Centre,42027,90000,2023-10-06,2023-10-20,294,100,48.143,no,2022-10-01
Pennsylvania,1533,Pennsylvania,Treatment plant,,NWSS_pa_1533_Treatment plant_raw wastewater,Centre,42027,90000,2023-10-07,2023-10-21,112,100,48.571,no,2022-10-01
Pennsylvania,1533,Pennsylvania,Treatment plant,,NWSS_pa_1533_Treatment plant_raw wastewater,Centre,42027,90000,2023-10-08,2023-10-22,42,100,48.571,no,2022-10-01
Pennsylvania,1533,Pennsylvania,Treatment plant,,NWSS_pa_1533_Treatment plant_raw wastewater,Centre,42027,90000,2023-10-09,2023-10-23,37,100,53.571,no,2022-10-01
Pennsylvania,1533,Pennsylvania,Treatment plant,,NWSS_pa_1533_Treatment plant_raw wastewater,Centre,42027,90000,2023-10-10,2023-10-24,114,100,53.571,no,2022-10-01
Pennsylvania,1533,Pennsylvania,Treatment plant,,NWSS_pa_1533_Treatment plant_raw wastewater,Centre,42027,90000,2023-10-11,2023-10-25,27,100,50.143,no,2022-10-01
Pennsylvania,1533,Pennsylvania,Treatment plant,,NWSS_pa_1533_Treatment plant_raw wastewater,Centre,42027,90000,2023-10-12,2023-10-26,-35,100,50.143,no,2022-10-01
Pennsylvania,1533,Pennsylvania,Treatment plant,,NWSS_pa_1533_Treatment plant_raw wastewater,Centre,42027,90000,2023-10-13,2023-10-27,-35,100,50.143,no,2022-10-01
Pennsylvania,1533,Pennsylvania,Treatment plant,,NWSS_pa_1533_Treatment plant_raw wastewater,Centre,42027,90000,2023-10-14,2023-10-28,-23,100,53.571,no,2022-10-01
Pennsylvania,1533,Pennsylvania,Treatment plant,,NWSS_pa_1533_Treatment plant_raw wastewater,Centre,42027,90000,2023-10-15,2023-10-29,-47,100,53.571,no,2022-10-01
Pennsylvania,1533,Pennsylvania,Treatment plant,,NWSS_pa_1533_Treatment plant_raw wastewater,Centre,42027,90000,2023-10-16,2023-10-30,-34,100,54.714,no,2022-10-01
Pennsylvania,1533,Pennsylvania,Treatment plant,,NWSS_pa_1533_Treatment plant_raw wastewater,Centre,42027,90000,2023-10-17,2023-10-31,-40,100,54.714,no,2022-10-01
Pennsylvania,1533,Pennsylvania,Treatment plant,,NWSS_pa_1533_Treatment plant_raw wastewater,Centre,42027,90000,2023-10-18,2023-11-01,-39,100,52.571,no,2022-10-01
Pennsylvania,1533,Pennsylvania,Treatment plant,,NWSS_pa_1533_Treatment plant_raw wastewater,Centre,42027,90000,2023-10-19,2023-11-02,3,100,52.571,no,2022-10-01
Pennsylvania,1533,Pennsylvania,Treatment plant,,NWSS_pa_1533_Treatment plant_raw wastewater,Centre,42027,90000,2023-10-20,2023-11-03,3,100,52.571,no,2022-10-01
Pennsylvania,1533,Pennsylvania,Treatment plant,,NWSS_pa_1533_Treatment plant_raw wastewater,Centre,42027,90000,2023-10-21,2023-11-04,-26,100,46.714,no,2022-10-01
Pennsylvania,1533,Pennsylvania,Treatment plant,,NWSS_pa_1533_Treatment plant_raw wastewater,Centre,42027,90000,2023-10-22,2023-11-05,-38,100,46.714,no,2022-10-01
Pennsylvania,1533,Pennsylvania,Treatment plant,,NWSS_pa_1533_Treatment plant_raw wastewater,Centre,42027,90000,2023-10-23,2023-11-06,-33,100,46.286,no,2022-10-01
Pennsylvania,1533,Pennsylvania,Treatment plant,,NWSS_pa_1533_Treatment plant_raw wastewater,Centre,42027,90000,2023-10-24,2023-11-07,-22,100,46.286,no,2022-10-01
Pennsylvania,1533,Pennsylvania,Treatment plant,,NWSS_pa_1533_Treatment plant_raw wastewater,Centre,42027,90000,2023-10-25,2023-11-08,-38,100,41.714,no,2022-10-01
Pennsylvania,1533,Pennsylvania,Treatment plant,,NWSS_pa_1533_Treatment plant_raw wastewater,Centre,42027,90000,2023-10-26,2023-11-09,-61,100,41.714,no,2022-10-01
Pennsylvania,1533,Pennsylvania,Treatment plant,,NWSS_pa_1533_Treatment plant_raw wastewater,Centre,42027,90000,2023-10-27,2023-11-10,-61,100,41.714,no,2022-10-01
Pennsylvania,1533,Pennsylvania,Treatment plant,,NWSS_pa_1533_Treatment plant_raw wastewater,Centre,42027,90000,2023-10-28,2023-11-11,-38,100,43.0,no,2022-10-01
Pennsylvania,1533,Pennsylvania,Treatment plant,,NWSS_pa_1533_Treatment plant_raw wastewater,Centre,42027,90000,2023-10-29,2023-11-12,-33,100,43.0,no,2022-10-01
Pennsylvania,1533,Pennsylvania,Treatment plant,,NWSS_pa_1533_Treatment plant_raw wastewater,Centre,42027,90000,2023-10-30,2023-11-13,-19,100,41.857,no,2022-10-01
Pennsylvania,1533,Pennsylvania,Treatment plant,,NWSS_pa_1533_Treatment plant_raw wastewater,Centre,42027,90000,2023-10-31,2023-11-14,9,100,41.857,no,2022-10-01
Pennsylvania,1533,Pennsylvania,Treatment plant,,NWSS_pa_1533_Treatment plant_raw wastewater,Centre,42027,90000,2023-11-01,2023-11-15,21,100,40.857,no,2022-10-01
Pennsylvania,1533,Pennsylvania,Treatment plant,,NWSS_pa_1533_Treatment plant_raw wastewater,Centre,42027,90000,2023-11-02,2023-11-16,67,100,40.857,no,2022-10-01
Pennsylvania,1533,Pennsylvania,Treatment plant,,NWSS_pa_1533_Treatment plant_raw wastewater,Centre,42027,90000,2023-11-03,2023-11-17,67,100,40.857,no,2022-10-01
Pennsylvania,1533,Pennsylvania,Treatment plant,,NWSS_pa_1533_Treatment plant_raw wastewater,Centre,42027,90000,2023-11-04,2023-11-18,81,100,42.286,no,2022-10-01
Pennsylvania,1533,Pennsylvania,Treatment plant,,NWSS_pa_1533_Treatment plant_raw wastewater,Centre,42027,90000,2023-11-05,2023-11-19,87,100,42.286,no,2022-10-01
Pennsylvania,1533,Pennsylvania,Treatment plant,,NWSS_pa_1533_Treatment plant_raw wastewater,Centre,42027,90000,2023-11-06,2023-11-20,9,100,41.143,no,2022-10-01
Pennsylvania,1533,Pennsylvania,Treatment plant,,NWSS_pa_1533_Treatment plant_raw wastewater,Centre,42027,90000,2023-11-07,2023-11-21,17,100,41.143,no,2022-10-01
Pennsylvania,1533,Pennsylvania,Treatment plant,,NWSS_pa_1533_Treatment plant_raw wastewater,Centre,42027,90000,2023-11-08,2023-11-22,41,100,42.571,no,2022-10-01
Pennsylvania,1533,Pennsylvania,Treatment plant,,NWSS_pa_1533_Treatment plant_raw wastewater,Centre,42027,90000,2023-11-09,2023-11-23,-4,100,42.571,no,2022-10-01
Pennsylvania,1533,Pennsylvania,Treatment plant,,NWSS_pa_1533_Treatment plant_raw wastewater,Centre,42027,90000,2023-11-10,2023-11-24,-4,100,42.571,no,2022-10-01
Pennsylvania,1533,Pennsylvania,Treatment plant,,NWSS_pa_1533_Treatment plant_raw wastewater,Centre,42027,90000,2023-11-11,2023-11-25,50,100,48.571,no,2022-10-01
Pennsylvania,1533,Pennsylvania,Treatment plant,,NWSS_pa_1533_Treatment plant_raw wastewater,Centre,42027,90000,2023-11-12,2023-11-26,77,100,48.571,no,2022-10-01
Pennsylvania,1533,Pennsylvania,Treatment plant,,NWSS_pa_1533_Treatment plant_raw wastewater,Centre,42027,90000,2023-11-13,2023-11-27,68,100,50.143,no,2022-10-01
Pennsylvania,1533,Pennsylvania,Treatment plant,,NWSS_pa_1533_Treatment plant_raw wastewater,Centre,42027,90000,2023-11-14,2023-11-28,82,100,50.143,no,2022-10-01
Pennsylvania,1533,Pennsylvania,Treatment plant,,NWSS_pa_1533_Treatment plant_raw wastewater,Centre,42027,90000,2023-11-15,2023-11-29,122,100,54.429,no,2022-10-01
Pennsylvania,1533,Pennsylvania,Treatment plant,,NWSS_pa_1533_Treatment plant_raw wastewater,Centre,42027,90000,2023-11-16,2023-11-30,188,100,54.429,no,2022-10-01
Pennsylvania,1533,Pennsylvania,Treatment plant,,NWSS_pa_1533_Treatment plant_raw wastewater,Centre,42027,90000,2023-11-17,2023-12-01,188,100,54.429,no,2022-10-01
Pennsylvania,1533,Pennsylvania,Treatment plant,,NWSS_pa_1533_Treatment plant_raw wastewater,Centre,42027,90000,2023-11-18,2023-12-02,139,100,57.571,no,2022-10-01
Pennsylvania,1533,Pennsylvania,Treatment plant,,NWSS_pa_1533_Treatment plant_raw wastewater,Centre,42027,90000,2023-11-19,2023-12-03,247,100,57.571,no,2022-10-01
Pennsylvania,1533,Pennsylvania,Treatment plant,,NWSS_pa_1533_Treatment plant_raw wastewater,Centre,42027,90000,2023-11-20,2023-12-04,167,100,59.714,no,2022-10-01
Pennsylvania,1533,Pennsylvania,Treatment plant,,NWSS_pa_1533_Treatment plant_raw wastewater,Centre,42027,90000,2023-11-21,2023-12-05,57,100,59.714,no,2022-10-01
Pennsylvania,1533,Pennsylvania,Treatment plant,,NWSS_pa_1533_Treatment plant_raw wastewater,Centre,42027,90000,2023-11-22,2023-12-06,101,100,68.571,no,2022-10-01
Pennsylvania,1533,Pennsylvania,Treatment plant,,NWSS_pa_1533_Treatment plant_raw wastewater,Centre,42027,90000,2023-11-23,2023-12-07,90,100,68.571,no,2022-10-01
Pennsylvania,1533,Pennsylvania,Treatment plant,,NWSS_pa_1533_Treatment plant_raw wastewater,Centre,42027,90000,2023-11-24,2023-12-08,90,100,68.571,no,2022-10-01
Pennsylvania,1533,Pennsylvania,Treatment plant,,NWSS_pa_1533_Treatment plant_raw wastewater,Centre,42027,90000,2023-11-25,2023-12-09,54,100,71.429,no,2022-10-01
Pennsylvania,1533,Pennsylvania,Treatment plant,,NWSS_pa_1533_Treatment plant_raw wastewater,Centre,42027,90000,2023-11-26,2023-12-10,74,100,71.429,no,2022-10-01
Pennsylvania,1533,Pennsylvania,Treatment plant,,NWSS_pa_1533_Treatment plant_raw wastewater,Centre,42027,90000,2023-11-27,2023-12-11,14,100,70.286,no,2022-10-01
Pennsylvania,1533,Pennsylvania,Treatment plant,,NWSS_pa_1533_Treatment plant_raw wastewater,Centre,42027,90000,2023-11-28,2023-12-12,-18,100,70.286,no,2022-10-01
Pennsylvania,1533,Pennsylvania,Treatment plant,,NWSS_pa_1533_Treatment plant_raw wastewater,Centre,42027,90000,2023-11-29,2023-12-13,3,100,73.571,no,2022-10-01
Pennsylvania,1533,Pennsylvania,Treatment plant,,NWSS_pa_1533_Treatment plant_raw wastewater,Centre,42027,90000,2023-11-30,2023-12-14,8,100,73.571,no,2022-10-01
Pennsylvania,1533,Pennsylvania,Treatment plant,,NWSS_pa_1533_Treatment plant_raw wastewater,Centre,42027,90000,2023-12-01,2023-12-15,8,100,73.571,no,2022-10-01
Pennsylvania,1533,Pennsylvania,Treatment plant,,NWSS_pa_1533_Treatment plant_raw wastewater,Centre,42027,90000,2023-12-02,2023-12-16,5,100,73.286,no,2022-10-01
Pennsylvania,1533,Pennsylvania,Treatment plant,,NWSS_pa_1533_Treatment plant_raw wastewater,Centre,42027,90000,2023-12-03,2023-12-17,-8,100,73.286,no,2022-10-01
Pennsylvania,1533,Pennsylvania,Treatment plant,,NWSS_pa_1533_Treatment plant_raw wastewater,Centre,42027,90000,2023-12-04,2023-12-18,18,100,75.714,no,2022-10-01
Pennsylvania,1533,Pennsylvania,Treatment plant,,NWSS_pa_1533_Treatment plant_raw wastewater,Centre,42027,90000,2023-12-05,2023-12-19,3,100,75.714,no,2022-10-01
Pennsylvania,1533,Pennsylvania,Treatment plant,,NWSS_pa_1533_Treatment plant_raw wastewater,Centre,42027,90000,2023-12-06,2023-12-20,31,100,78.571,no,2022-10-01
Pennsylvania,1533,Pennsylvania,Treatment plant,,NWSS_pa_1533_Treatment plant_raw wastewater,Centre,42027,90000,2023-12-07,2023-12-21,121,100,78.571,no,2022-10-01
Pennsylvania,1533,Pennsylvania,Treatment plant,,NWSS_pa_1533_Treatment plant_raw wastewater,Centre,42027,90000,2023-12-08,2023-12-22,121,100,78.571,no,2022-10-01
Pennsylvania,1533,Pennsylvania,Treatment plant,,NWSS_pa_1533_Treatment plant_raw wastewater,Centre,42027,90000,2023-12-09,2023-12-23,13,100,74.571,no,2022-10-01
Pennsylvania,1533,Pennsylvania,Treatment plant,,NWSS_pa_1533_Treatment plant_raw wastewater,Centre,42027,90000,2023-12-10,2023-12-24,16,100,74.571,no,2022-10-01
Pennsylvania,1533,Pennsylvania,Treatment plant,,NWSS_pa_1533_Treatment plant_raw wastewater,Centre,42027,90000,2023-12-11,2023-12-25,-24,100,72.0,no,2022-10-01
Pennsylvania,1533,Pennsylvania,Treatment plant,,NWSS_pa_1533_Treatment plant_raw wastewater,Centre,42027,90000,2023-12-12,2023-12-26,-58,100,72.0,no,2022-10-01
Pennsylvania,1533,Pennsylvania,Treatment plant,,NWSS_pa_1533_Treatment plant_raw wastewater,Centre,42027,90000,2023-12-13,2023-12-27,-29,100,75.571,no,2022-10-01
Pennsylvania,1533,Pennsylvania,Treatment plant,,NWSS_pa_1533_Treatment plant_raw wastewater,Centre,42027,90000,2023-12-14,2023-12-28,-32,100,75.571,no,2022-10-01
Pennsylvania,1533,Pennsylvania,Treatment plant,,NWSS_pa_1533_Treatment plant_raw wastewater,Centre,42027,90000,2023-12-15,2023-12-29,-32,100,75.571,no,2022-10-01
Pennsylvania,1533,Pennsylvania,Treatment plant,,NWSS_pa_1533_Treatment plant_raw wastewater,Centre,42027,90000,2023-12-16,2023-12-30,10,100,77.143,no,2022-10-01
Pennsylvania,1533,Pennsylvania,Treatment plant,,NWSS_pa_1533_Treatment plant_raw wastewater,Centre,42027,90000,2023-12-17,2023-12-31,0,100,77.143,no,2022-10-01
Pennsylvania,1533,Pennsylvania,Treatment plant,,NWSS_pa_1533_Treatment plant_raw wastewater,Centre,42027,90000,2023-12-18,2024-01-01,13,100,78.714,no,2022-10-01
Pennsylvania,1533,Pennsylvania,Treatment plant,,NWSS_pa_1533_Treatment plant_raw wastewater,Centre,42027,90000,2023-12-19,2024-01-02,53,100,78.714,no,2022-10-01
Pennsylvania,1533,Pennsylvania,Treatment plant,,NWSS_pa_1533_Treatment plant_raw wastewater,Centre,42027,90000,2023-12-20,2024-01-03,100,100,80.286,no,2022-10-01
Pennsylvania,1533,Pennsylvania,Treatment plant,,NWSS_pa_1533_Treatment plant_raw wastewater,Centre,42027,90000,2023-12-21,2024-01-04,362,100,80.286,no,2022-10-01
Pennsylvania,1533,Pennsylvania,Treatment plant,,NWSS_pa_1533_Treatment plant_raw wastewater,Centre,42027,90000,2023-12-22,2024-01-05,362,100,80.286,no,2022-10-01
Pennsylvania,1533,Pennsylvania,Treatment plant,,NWSS_pa_1533_Treatment plant_raw wastewater,Centre,42027,90000,2023-12-23,2024-01-06,168,100,79.286,no,2022-10-01
Pennsylvania,1533,Pennsylvania,Treatment plant,,NWSS_pa_1533_Treatment plant_raw wastewater,Centre,42027,90000,2023-12-24,2024-01-07,135,100,79.286,no,2022-10-01
Pennsylvania,1533,Pennsylvania,Treatment plant,,NWSS_pa_1533_Treatment plant_raw wastewater,Centre,42027,90000,2023-12-25,2024-01-08,82,100,83.143,no,2022-10-01
Pennsylvania,1533,Pennsylvania,Treatment plant,,NWSS_pa_1533_Treatment plant_raw wastewater,Centre,42027,90000,2023-12-26,2024-01-09,-4,100,83.143,no,2022-10-01
Pennsylvania,1533,Pennsylvania,Treatment plant,,NWSS_pa_1533_Treatment plant_raw wastewater,Centre,42027,90000,2023-12-27,2024-01-10,-9,100,87.286,no,2022-10-01
Pennsylvania,1533,Pennsylvania,Treatment plant,,NWSS_pa_1533_Treatment plant_raw wastewater,Centre,42027,90000,2023-12-28,2024-01-11,-22,100,87.286,no,2022-10-01
Pennsylvania,1533,Pennsylvania,Treatment plant,,NWSS_pa_1533_Treatment plant_raw wastewater,Centre,42027,90000,2023-12-29,2024-01-12,-22,100,87.286,no,2022-10-01
Pennsylvania,1533,Pennsylvania,Treatment plant,,NWSS_pa_1533_Treatment plant_raw wastewater,Centre,42027,90000,2023-12-30,2024-01-13,-28,100,86.286,no,2022-10-01
Pennsylvania,1533,Pennsylvania,Treatment plant,,NWSS_pa_1533_Treatment plant_raw wastewater,Centre,42027,90000,2023-12-31,2024-01-14,-31,100,86.286,no,2022-10-01
Pennsylvania,1533,Pennsylvania,Treatment plant,,NWSS_pa_1533_Treatment plant_raw wastewater,Centre,42027,90000,2024-01-01,2024-01-15,-21,100,85.571,no,2022-10-01
Pennsylvania,1533,Pennsylvania,Treatment plant,,NWSS_pa_1533_Treatment plant_raw wastewater,Centre,42027,90000,2024-01-02,2024-01-16,-36,100,85.571,no,2022-10-01
Pennsylvania,1533,Pennsylvania,Treatment plant,,NWSS_pa_1533_Treatment plant_raw wastewater,Centre,42027,90000,2024-01-03,2024-01-17,-33,100,85.143,no,2022-10-01
Pennsylvania,1533,Pennsylvania,Treatment plant,,NWSS_pa_1533_Treatment plant_raw wastewater,Centre,42027,90000,2024-01-04,2024-01-18,-10,100,85.143,no,2022-10-01
Pennsylvania,1533,Pennsylvania,Treatment plant,,NWSS_pa_1533_Treatment plant_raw wastewater,Centre,42027,90000,2024-01-05,2024-01-19,-10,100,85.143,no,2022-10-01
Pennsylvania,1533,Pennsylvania,Treatment plant,,NWSS_pa_1533_Treatment plant_raw wastewater,Centre,42027,90000,2024-01-06,2024-01-20,-31,100,81.143,no,2022-10-01
Pennsylvania,1533,Pennsylvania,Treatment plant,,NWSS_pa_1533_Treatment plant_raw wastewater,Centre,42027,90000,2024-01-07,2024-01-21,-39,100,81.143,no,2022-10-01
Pennsylvania,1533,Pennsylvania,Treatment plant,,NWSS_pa_1533_Treatment plant_raw wastewater,Centre,42027,90000,2024-01-08,2024-01-22,-47,100,78.429,no,2022-10-01
Pennsylvania,1533,Pennsylvania,Treatment plant,,NWSS_pa_1533_Treatment plant_raw wastewater,Centre,42027,90000,2024-01-09,2024-01-23,-52,100,78.429,no,2022-10-01
Pennsylvania,1533,Pennsylvania,Treatment plant,,NWSS_pa_1533_Treatment plant_raw wastewater,Centre,42027,90000,2024-01-10,2024-01-24,-42,100,76.286,no,2022-10-01
Pennsylvania,1533,Pennsylvania,Treatment plant,,NWSS_pa_1533_Treatment plant_raw wastewater,Centre,42027,90000,2024-01-11,2024-01-25,-46,100,76.286,no,2022-10-01
Pennsylvania,1533,Pennsylvania,Treatment plant,,NWSS_pa_1533_Treatment plant_raw wastewater,Centre,42027,90000,2024-01-12,2024-01-26,-46,100,76.286,no,2022-10-01
Pennsylvania,1533,Pennsylvania,Treatment plant,,NWSS_pa_1533_Treatment plant_raw wastewater,Centre,42027,90000,2024-01-13,2024-01-27,-45,100,73.429,no,2022-10-01
Pennsylvania,1533,Pennsylvania,Treatment plant,,NWSS_pa_1533_Treatment plant_raw wastewater,Centre,42027,90000,2024-01-14,2024-01-28,-52,100,73.429,no,2022-10-01
Pennsylvania,1533,Pennsylvania,Treatment plant,,NWSS_pa_1533_Treatment plant_raw wastewater,Centre,42027,90000,2024-01-15,2024-01-29,-46,100,71.571,no,2022-10-01
Pennsylvania,1533,Pennsylvania,Treatment plant,,NWSS_pa_1533_Treatment plant_raw wastewater,Centre,42027,90000,2024-01-16,2024-01-30,-37,100,71.571,no,2022-10-01
Pennsylvania,1533,Pennsylvania,Treatment plant,,NWSS_pa_1533_Treatment plant_raw wastewater,Centre,42027,90000,2024-01-17,2024-01-31,-25,100,69.143,no,2022-10-01
Pennsylvania,1533,Pennsylvania,Treatment plant,,NWSS_pa_1533_Treatment plant_raw wastewater,Centre,42027,90000,2024-01-18,2024-02-01,-3,100,69.143,no,2022-10-01
Pennsylvania,1533,Pennsylvania,Treatment plant,,NWSS_pa_1533_Treatment plant_raw wastewater,Centre,42027,90000,2024-01-19,2024-02-02,-3,100,69.143,no,2022-10-01
Pennsylvania,1533,Pennsylvania,Treatment plant,,NWSS_pa_1533_Treatment plant_raw wastewater,Centre,42027,90000,2024-01-20,2024-02-03,-15,100,66.143,no,2022-10-01
Pennsylvania,1533,Pennsylvania,Treatment plant,,NWSS_pa_1533_Treatment plant_raw wastewater,Centre,42027,90000,2024-01-21,2024-02-04,-16,100,66.143,no,2022-10-01
Pennsylvania,1533,Pennsylvania,Treatment plant,,NWSS_pa_1533_Treatment plant_raw wastewater,Centre,42027,90000,2024-01-22,2024-02-05,-7,100,66.0,no,2022-10-01
Pennsylvania,1533,Pennsylvania,Treatment plant,,NWSS_pa_1533_Treatment plant_raw wastewater,Centre,42027,90000,2024-01-23,2024-02-06,-17,100,66.0,no,2022-10-01
Pennsylvania,1533,Pennsylvania,Treatment plant,,NWSS_pa_1533_Treatment plant_raw wastewater,Centre,42027,90000,2024-01-24,2024-02-07,-34,100,64.143,no,2022-10-01
Pennsylvania,1533,Pennsylvania,Treatment plant,,NWSS_pa_1533_Treatment plant_raw wastewater,Centre,42027,90000,2024-01-25,2024-02-08,-29,100,64.143,no,2022-10-01
Pennsylvania,1533,Pennsylvania,Treatment plant,,NWSS_pa_1533_Treatment plant_raw wastewater,Centre,42027,90000,2024-01-26,2024-02-09,-29,100,64.143,no,2022-10-01
Pennsylvania,1533,Pennsylvania,Treatment plant,,NWSS_pa_1533_Treatment plant_raw wastewater,Centre,42027,90000,2024-01-27,2024-02-10,-28,100,61.857,no,2022-10-01
Pennsylvania,1533,Pennsylvania,Treatment plant,,NWSS_pa_1533_Treatment plant_raw wastewater,Centre,42027,90000,2024-01-28,2024-02-11,-36,100,61.857,no,2022-10-01
Pennsylvania,1533,Pennsylvania,Treatment plant,,NWSS_pa_1533_Treatment plant_raw wastewater,Centre,42027,90000,2024-01-29,2024-02-12,-41,100,59.571,no,2022-10-01
Pennsylvania,1533,Pennsylvania,Treatment plant,,NWSS_pa_1533_Treatment plant_raw wastewater,Centre,42027,90000,2024-01-30,2024-02-13,-48,100,59.571,no,2022-10-01
Pennsylvania,1533,Pennsylvania,Treatment plant,,NWSS_pa_1533_Treatment plant_raw wastewater,Centre,42027,90000,2024-01-31,2024-02-14,-61,100,54.429,no,2022-10-01
Pennsylvania,1533,Pennsylvania,Treatment plant,,NWSS_pa_1533_Treatment plant_raw wastewater,Centre,42027,90000,2024-02-01,2024-02-15,-64,100,54.429,no,2022-10-01
Pennsylvania,1533,Pennsylvania,Treatment plant,,NWSS_pa_1533_Treatment plant_raw wastewater,Centre,42027,90000,2024-02-02,2024-02-16,-64,100,54.429,no,2022-10-01
Pennsylvania,1533,Pennsylvania,Treatment plant,,NWSS_pa_1533_Treatment plant_raw wastewater,Centre,42027,90000,2024-02-03,2024-02-17,-48,100,51.571,no,2022-10-01
Pennsylvania,1533,Pennsylvania,Treatment plant,,NWSS_pa_1533_Treatment plant_raw wastewater,Centre,42027,90000,2024-02-04,2024-02-18,-52,100,51.571,no,2022-10-01
Pennsylvania,1533,Pennsylvania,Treatment plant,,NWSS_pa_1533_Treatment plant_raw wastewater,Centre,42027,90000,2024-02-05,2024-02-19,-30,100,51.286,no,2022-10-01
Pennsylvania,1533,Pennsylvania,Treatment plant,,NWSS_pa_1533_Treatment plant_raw wastewater,Centre,42027,90000,2024-02-06,2024-02-20,1,100,51.286,no,2022-10-01
Pennsylvania,1533,Pennsylvania,Treatment plant,,NWSS_pa_1533_Treatment plant_raw wastewater,Centre,42027,90000,2024-02-07,2024-02-21,0,100,48.429,no,2022-10-01
Pennsylvania,1533,Pennsylvania,Treatment plant,,NWSS_pa_1533_Treatment plant_raw wastewater,Centre,42027,90000,2024-02-08,2024-02-22,7,100,48.429,no,2022-10-01
Pennsylvania,1533,Pennsylvania,Treatment plant,,NWSS_pa_1533_Treatment plant_raw wastewater,Centre,42027,90000,2024-02-09,2024-02-23,7,100,48.429,no,2022-10-01
Pennsylvania,1533,Pennsylvania,Treatment plant,,NWSS_pa_1533_Treatment plant_raw wastewater,Centre,42027,90000,2024-02-10,2024-02-24,-25,100,45.429,no,2022-10-01
Pennsylvania,1533,Pennsylvania,Treatment plant,,NWSS_pa_1533_Treatment plant_raw wastewater,Centre,42027,90000,2024-02-11,2024-02-25,-11,100,45.429,no,2022-10-01
Pennsylvania,1533,Pennsylvania,Treatment plant,,NWSS_pa_1533_Treatment plant_raw wastewater,Centre,42027,90000,2024-02-12,2024-02-26,-31,100,41.143,no,2022-10-01
Pennsylvania,1533,Pennsylvania,Treatment plant,,NWSS_pa_1533_Treatment plant_raw wastewater,Centre,42027,90000,2024-02-13,2024-02-27,-32,100,41.143,no,2022-10-01
Pennsylvania,1533,Pennsylvania,Treatment plant,,NWSS_pa_1533_Treatment plant_raw wastewater,Centre,42027,90000,2024-02-14,2024-02-28,-32,100,38.714,no,2022-10-01
Pennsylvania,1533,Pennsylvania,Treatment plant,,NWSS_pa_1533_Treatment plant_raw wastewater,Centre,42027,90000,2024-02-15,2024-02-29,-63,100,38.714,no,2022-10-01
Pennsylvania,1533,Pennsylvania,Treatment plant,,NWSS_pa_1533_Treatment plant_raw wastewater,Centre,42027,90000,2024-02-16,2024-03-01,-63,100,38.714,no,2022-10-01
Pennsylvania,1533,Pennsylvania,Treatment plant,,NWSS_pa_1533_Treatment plant_raw wastewater,Centre,42027,90000,2024-02-17,2024-03-02,-82,100,35.143,no,2022-10-01
Pennsylvania,1533,Pennsylvania,Treatment plant,,NWSS_pa_1533_Treatment plant_raw wastewater,Centre,42027,90000,2024-02-18,2024-03-03,-87,100,35.143,no,2022-10-01
Pennsylvania,1533,Pennsylvania,Treatment plant,,NWSS_pa_1533_Treatment plant_raw wastewater,Centre,42027,90000,2024-02-19,2024-03-04,-86,100,28.857,no,2022-10-01
Pennsylvania,1533,Pennsylvania,Treatment plant,,NWSS_pa_1533_Treatment plant_raw wastewater,Centre,42027,90000,2024-02-20,2024-03-05,-87,100,28.857,no,2022-10-01
Pennsylvania,1533,Pennsylvania,Treatment plant,,NWSS_pa_1533_Treatment plant_raw wastewater,Centre,42027,90000,2024-02-21,2024-03-06,-76,100,23.143,no,2022-10-01
Pennsylvania,1533,Pennsylvania,Treatment plant,,NWSS_pa_1533_Treatment plant_raw wastewater,Centre,42027,90000,2024-02-22,2024-03-07,-72,100,23.143,no,2022-10-01
Pennsylvania,1533,Pennsylvania,Treatment plant,,NWSS_pa_1533_Treatment plant_raw wastewater,Centre,42027,90000,2024-02-23,2024-03-08,-72,100,23.143,no,2022-10-01
Pennsylvania,1533,Pennsylvania,Treatment plant,,NWSS_pa_1533_Treatment plant_raw wastewater,Centre,42027,90000,2024-02-24,2024-03-09,-50,100,19.0,no,2022-10-01
Pennsylvania,1533,Pennsylvania,Treatment plant,,NWSS_pa_1533_Treatment plant_raw wastewater,Centre,42027,90000,2024-02-25,2024-03-10,-41,100,19.0,no,2022-10-01
Pennsylvania,1533,Pennsylvania,Treatment plant,,NWSS_pa_1533_Treatment plant_raw wastewater,Centre,42027,90000,2024-02-26,2024-03-11,7,100,19.571,no,2022-10-01
Pennsylvania,1533,Pennsylvania,Treatment plant,,NWSS_pa_1533_Treatment plant_raw wastewater,Centre,42027,90000,2024-02-27,2024-03-12,68,100,19.571,no,2022-10-01
Pennsylvania,1533,Pennsylvania,Treatment plant,,NWSS_pa_1533_Treatment plant_raw wastewater,Centre,42027,90000,2024-02-28,2024-03-13,148,100,22.286,no,2022-10-01
Pennsylvania,1533,Pennsylvania,Treatment plant,,NWSS_pa_1533_Treatment plant_raw wastewater,Centre,42027,90000,2024-02-29,2024-03-14,754,100,22.286,no,2022-10-01
Pennsylvania,1533,Pennsylvania,Treatment plant,,NWSS_pa_1533_Treatment plant_raw wastewater,Centre,42027,90000,2024-03-01,2024-03-15,754,100,22.286,no,2022-10-01
Pennsylvania,1533,Pennsylvania,Treatment plant,,NWSS_pa_1533_Treatment plant_raw wastewater,Centre,42027,90000,2024-03-02,2024-03-16,235,100,20.0,no,2022-10-01
Pennsylvania,1533,Pennsylvania,Treatment plant,,NWSS_pa_1533_Treatment plant_raw wastewater,Centre,42027,90000,2024-03-03,2024-03-17,140,100,20.0,no,2022-10-01
Pennsylvania,1533,Pennsylvania,Treatment plant,,NWSS_pa_1533_Treatment plant_raw wastewater,Centre,42027,90000,2024-03-04,2024-03-18,92,100,22.714,no,2022-10-01
Pennsylvania,1533,Pennsylvania,Treatment plant,,NWSS_pa_1533_Treatment plant_raw wastewater,Centre,42027,90000,2024-03-05,2024-03-19,21,100,22.714,no,2022-10-01
Pennsylvania,1533,Pennsylvania,Treatment plant,,NWSS_pa_1533_Treatment plant_raw wastewater,Centre,42027,90000,2024-03-06,2024-03-20,19,100,25.429,no,2022-10-01
Pennsylvania,1533,Pennsylvania,Treatment plant,,NWSS_pa_1533_Treatment plant_raw wastewater,Centre,42027,90000,2024-03-07,2024-03-21,-11,100,25.429,no,2022-10-01
Pennsylvania,1533,Pennsylvania,Treatment plant,,NWSS_pa_1533_Treatment plant_raw wastewater,Centre,42027,90000,2024-03-08,2024-03-22,-11,100,25.429,no,2022-10-01
Pennsylvania,1533,Pennsylvania,Treatment plant,,NWSS_pa_1533_Treatment plant_raw wastewater,Centre,42027,90000,2024-03-09,2024-03-23,-24,100,25.571,no,2022-10-01
Pennsylvania,1533,Pennsylvania,Treatment plant,,NWSS_pa_1533_Treatment plant_raw wastewater,Centre,42027,90000,2024-03-10,2024-03-24,-49,100,25.571,no,2022-10-01
Pennsylvania,1533,Pennsylvania,Treatment plant,,NWSS_pa_1533_Treatment plant_raw wastewater,Centre,42027,90000,2024-03-11,2024-03-25,-16,100,28.571,no,2022-10-01
Pennsylvania,1533,Pennsylvania,Treatment plant,,NWSS_pa_1533_Treatment plant_raw wastewater,Centre,42027,90000,2024-03-12,2024-03-26,-9,100,28.571,no,2022-10-01
Pennsylvania,1533,Pennsylvania,Treatment plant,,NWSS_pa_1533_Treatment plant_raw wastewater,Centre,42027,90000,2024-03-13,2024-03-27,5,100,28.286,no,2022-10-01
Pennsylvania,1533,Pennsylvania,Treatment plant,,NWSS_pa_1533_Treatment plant_raw wastewater,Centre,42027,90000,2024-03-14,2024-03-28,103,100,28.286,no,2022-10-01
Pennsylvania,1533,Pennsylvania,Treatment plant,,NWSS_pa_1533_Treatment plant_raw wastewater,Centre,42027,90000,2024-03-15,2024-03-29,103,100,28.286,no,2022-10-01
Pennsylvania,1533,Pennsylvania,Treatment plant,,NWSS_pa_1533_Treatment plant_raw wastewater,Centre,42027,90000,2024-03-16,2024-03-30,137,100,28.857,no,2022-10-01
Pennsylvania,1533,Pennsylvania,Treatment plant,,NWSS_pa_1533_Treatment plant_raw wastewater,Centre,42027,90000,2024-03-17,2024-03-31,117,100,28.857,no,2022-10-01
Pennsylvania,1533,Pennsylvania,Treatment plant,,NWSS_pa_1533_Treatment plant_raw wastewater,Centre,42027,90000,2024-03-18,2024-04-01,100,100,33.0,no,2022-10-01
Pennsylvania,1533,Pennsylvania,Treatment plant,,NWSS_pa_1533_Treatment plant_raw wastewater,Centre,42027,90000,2024-03-19,2024-04-02,127,100,33.0,no,2022-10-01
Pennsylvania,1533,Pennsylvania,Treatment plant,,NWSS_pa_1533_Treatment plant_raw wastewater,Centre,42027,90000,2024-03-20,2024-04-03,153,100,37.857,no,2022-10-01
Pennsylvania,1533,Pennsylvania,Treatment plant,,NWSS_pa_1533_Treatment plant_raw wastewater,Centre,42027,90000,2024-03-21,2024-04-04,217,100,37.857,no,2022-10-01
Pennsylvania,1533,Pennsylvania,Treatment plant,,NWSS_pa_1533_Treatment plant_raw wastewater,Centre,42027,90000,2024-03-22,2024-04-05,217,100,37.857,no,2022-10-01
Pennsylvania,1533,Pennsylvania,Treatment plant,,NWSS_pa_1533_Treatment plant_raw wastewater,Centre,42027,90000,2024-03-23,2024-04-06,53,100,37.714,no,2022-10-01
Pennsylvania,1533,Pennsylvania,Treatment plant,,NWSS_pa_1533_Treatment plant_raw wastewater,Centre,42027,90000,2024-03-24,2024-04-07,-4,100,37.714,no,2022-10-01
Pennsylvania,1533,Pennsylvania,Treatment plant,,NWSS_pa_1533_Treatment plant_raw wastewater,Centre,42027,90000,2024-03-25,2024-04-08,-6,100,40.571,no,2022-10-01
Pennsylvania,1533,Pennsylvania,Treatment plant,,NWSS_pa_1533_Treatment plant_raw wastewater,Centre,42027,90000,2024-03-26,2024-04-09,-12,100,40.571,no,2022-10-01
Pennsylvania,1533,Pennsylvania,Treatment plant,,NWSS_pa_1533_Treatment plant_raw wastewater,Centre,42027,90000,2024-03-27,2024-04-10,-12,100,40.571,no,2022-10-01
Pennsylvania,1533,Pennsylvania,Treatment plant,,NWSS_pa_1533_Treatment plant_raw wastewater,Centre,42027,90000,2024-03-28,2024-04-11,-49,100,40.571,no,2022-10-01
Pennsylvania,1533,Pennsylvania,Treatment plant,,NWSS_pa_1533_Treatment plant_raw wastewater,Centre,42027,90000,2024-03-29,2024-04-12,-49,100,40.571,no,2022-10-01
Pennsylvania,1533,Pennsylvania,Treatment plant,,NWSS_pa_1533_Treatment plant_raw wastewater,Centre,42027,90000,2024-03-30,2024-04-13,-56,100,38.833,no,2022-10-01
Pennsylvania,1533,Pennsylvania,Treatment plant,,NWSS_pa_1533_Treatment plant_raw wastewater,Centre,42027,90000,2024-03-31,2024-04-14,-60,100,38.833,no,2022-10-01
Pennsylvania,1533,Pennsylvania,Treatment plant,,NWSS_pa_1533_Treatment plant_raw wastewater,Centre,42027,90000,2024-04-01,2024-04-15,-47,100,35.667,no,2022-10-01
Pennsylvania,1533,Pennsylvania,Treatment plant,,NWSS_pa_1533_Treatment plant_raw wastewater,Centre,42027,90000,2024-04-02,2024-04-16,-54,100,35.667,no,2022-10-01
Pennsylvania,1533,Pennsylvania,Treatment plant,,NWSS_pa_1533_Treatment plant_raw wastewater,Centre,42027,90000,2024-04-03,2024-04-17,-43,100,33.333,no,2022-10-01
Pennsylvania,1533,Pennsylvania,Treatment plant,,NWSS_pa_1533_Treatment plant_raw wastewater,Centre,42027,90000,2024-04-04,2024-04-18,-7,100,33.333,no,2022-10-01
Pennsylvania,1533,Pennsylvania,Treatment plant,,NWSS_pa_1533_Treatment plant_raw wastewater,Centre,42027,90000,2024-04-05,2024-04-19,-7,100,33.333,no,2022-10-01
Pennsylvania,1533,Pennsylvania,Treatment plant,,NWSS_pa_1533_Treatment plant_raw wastewater,Centre,42027,90000,2024-04-06,2024-04-20,-27,100,27.0,no,2022-10-01
Pennsylvania,1533,Pennsylvania,Treatment plant,,NWSS_pa_1533_Treatment plant_raw wastewater,Centre,42027,90000,2024-04-07,2024-04-21,-45,100,27.0,no,2022-10-01
Pennsylvania,1533,Pennsylvania,Treatment plant,,NWSS_pa_1533_Treatment plant_raw wastewater,Centre,42027,90000,2024-04-08,2024-04-22,-60,100,24.5,no,2022-10-01
Pennsylvania,1533,Pennsylvania,Treatment plant,,NWSS_pa_1533_Treatment plant_raw wastewater,Centre,42027,90000,2024-04-09,2024-04-23,-65,100,24.5,no,2022-10-01
Pennsylvania,1533,Pennsylvania,Treatment plant,,NWSS_pa_1533_Treatment plant_raw wastewater,Centre,42027,90000,2024-04-10,2024-04-24,-64,100,20.0,no,2022-10-01
Pennsylvania,1533,Pennsylvania,Treatment plant,,NWSS_pa_1533_Treatment plant_raw wastewater,Centre,42027,90000,2024-04-11,2024-04-25,-64,100,20.0,no,2022-10-01
Pennsylvania,1533,Pennsylvania,Treatment plant,,NWSS_pa_1533_Treatment plant_raw wastewater,Centre,42027,90000,2024-04-12,2024-04-26,-64,100,20.0,no,2022-10-01
Pennsylvania,1533,Pennsylvania,Treatment plant,,NWSS_pa_1533_Treatment plant_raw wastewater,Centre,42027,90000,2024-04-13,2024-04-27,-56,100,18.857,no,2022-10-01
Pennsylvania,1533,Pennsylvania,Treatment plant,,NWSS_pa_1533_Treatment plant_raw wastewater,Centre,42027,90000,2024-04-14,2024-04-28,-67,100,18.857,no,2022-10-01
Pennsylvania,1533,Pennsylvania,Treatment plant,,NWSS_pa_1533_Treatment plant_raw wastewater,Centre,42027,90000,2024-04-15,2024-04-29,-70,100,16.571,no,2022-10-01
Pennsylvania,1533,Pennsylvania,Treatment plant,,NWSS_pa_1533_Treatment plant_raw wastewater,Centre,42027,90000,2024-04-16,2024-04-30,-71,100,16.571,no,2022-10-01
Pennsylvania,1533,Pennsylvania,Treatment plant,,NWSS_pa_1533_Treatment plant_raw wastewater,Centre,42027,90000,2024-04-17,2024-05-01,-57,100,13.857,no,2022-10-01
Pennsylvania,1533,Pennsylvania,Treatment plant,,NWSS_pa_1533_Treatment plant_raw wastewater,Centre,42027,90000,2024-04-18,2024-05-02,-39,100,13.857,no,2022-10-01
Pennsylvania,1533,Pennsylvania,Treatment plant,,NWSS_pa_1533_Treatment plant_raw wastewater,Centre,42027,90000,2024-04-19,2024-05-03,-39,100,13.857,no,2022-10-01
Pennsylvania,1533,Pennsylvania,Treatment plant,,NWSS_pa_1533_Treatment plant_raw wastewater,Centre,42027,90000,2024-04-20,2024-05-04,-48,100,10.143,no,2022-10-01
Pennsylvania,1533,Pennsylvania,Treatment plant,,NWSS_pa_1533_Treatment plant_raw wastewater,Centre,42027,90000,2024-04-21,2024-05-05,-39,100,10.143,no,2022-10-01
Pennsylvania,1533,Pennsylvania,Treatment plant,,NWSS_pa_1533_Treatment plant_raw wastewater,Centre,42027,90000,2024-04-22,2024-05-06,-14,100,9.143,no,2022-10-01
Pennsylvania,1533,Pennsylvania,Treatment plant,,NWSS_pa_1533_Treatment plant_raw wastewater,Centre,42027,90000,2024-04-23,2024-05-07,-17,100,9.143,no,2022-10-01
Pennsylvania,1533,Pennsylvania,Treatment plant,,NWSS_pa_1533_Treatment plant_raw wastewater,Centre,42027,90000,2024-04-24,2024-05-08,-16,100,8.714,no,2022-10-01
Pennsylvania,1533,Pennsylvania,Treatment plant,,NWSS_pa_1533_Treatment plant_raw wastewater,Centre,42027,90000,2024-04-25,2024-05-09,-6,100,8.714,no,2022-10-01
Pennsylvania,1533,Pennsylvania,Treatment plant,,NWSS_pa_1533_Treatment plant_raw wastewater,Centre,42027,90000,2024-04-26,2024-05-10,-6,100,8.714,no,2022-10-01
Pennsylvania,1533,Pennsylvania,Treatment plant,,NWSS_pa_1533_Treatment plant_raw wastewater,Centre,42027,90000,2024-04-27,2024-05-11,-6,100,8.714,no,2022-10-01
Pennsylvania,1533,Pennsylvania,Treatment plant,,NWSS_pa_1533_Treatment plant_raw wastewater,Centre,42027,90000,2024-04-28,2024-05-12,38,100,8.714,no,2022-10-01
Pennsylvania,1533,Pennsylvania,Treatment plant,,NWSS_pa_1533_Treatment plant_raw wastewater,Centre,42027,90000,2024-04-29,2024-05-13,38,100,8.714,no,2022-10-01
Pennsylvania,1533,Pennsylvania,Treatment plant,,NWSS_pa_1533_Treatment plant_raw wastewater,Centre,42027,90000,2024-04-30,2024-05-14,-17,100,8.714,no,2022-10-01
Pennsylvania,1533,Pennsylvania,Treatment plant,,NWSS_pa_1533_Treatment plant_raw wastewater,Centre,42027,90000,2024-05-01,2024-05-15,-17,100,8.714,no,2022-10-01
Pennsylvania,1533,Pennsylvania,Treatment plant,,NWSS_pa_1533_Treatment plant_raw wastewater,Centre,42027,90000,2024-05-02,2024-05-16,200,100,8.714,no,2022-10-01
Pennsylvania,1533,Pennsylvania,Treatment plant,,NWSS_pa_1533_Treatment plant_raw wastewater,Centre,42027,90000,2024-05-03,2024-05-17,200,100,8.714,no,2022-10-01
Pennsylvania,1533,Pennsylvania,Treatment plant,,NWSS_pa_1533_Treatment plant_raw wastewater,Centre,42027,90000,2024-05-04,2024-05-18,200,100,8.714,no,2022-10-01
Pennsylvania,1533,Pennsylvania,Treatment plant,,NWSS_pa_1533_Treatment plant_raw wastewater,Centre,42027,90000,2024-05-05,2024-05-19,-89,100,8.714,no,2022-10-01
Pennsylvania,1533,Pennsylvania,Treatment plant,,NWSS_pa_1533_Treatment plant_raw wastewater,Centre,42027,90000,2024-05-06,2024-05-20,-89,100,8.714,no,2022-10-01
Pennsylvania,1533,Pennsylvania,Treatment plant,,NWSS_pa_1533_Treatment plant_raw wastewater,Centre,42027,90000,2024-05-07,2024-05-21,,100,8.714,no,2022-10-01
Pennsylvania,1533,Pennsylvania,Treatment plant,,NWSS_pa_1533_Treatment plant_raw wastewater,Centre,42027,90000,2024-05-08,2024-05-22,,100,8.714,no,2022-10-01
Pennsylvania,1533,Pennsylvania,Treatment plant,,NWSS_pa_1533_Treatment plant_raw wastewater,Centre,42027,90000,2024-05-09,2024-05-23,,,,no,2022-10-01
Pennsylvania,1533,Pennsylvania,Treatment plant,,NWSS_pa_1533_Treatment plant_raw wastewater,Centre,42027,90000,2024-05-10,2024-05-24,,,,no,2022-10-01
Pennsylvania,1533,Pennsylvania,Treatment plant,,NWSS_pa_1533_Treatment plant_raw wastewater,Centre,42027,90000,2024-05-11,2024-05-25,,,,no,2022-10-01
